name,source,original_csv_path,original_exists,original_kind,original_note,original_size_bytes,rec_n_raw_15,rec_n_segments,rec_longest_seg_path
Anholt,entsoe,/ve-remi-dmz-dmz-sh-nas01/data/de_group/ghz_11401/data/wind_timeseries/aligned_15min/entsoe/full/Anholt.csv,True,entsoe_full,aligned 未切割全序列,16399120,100962,12,/ve-remi-dmz-dmz-sh-nas01/data/de_group/ghz_11401/data/wind_timeseries/aligned_15min/entsoe/segments/Anholt_seg004.csv
BALDHWF1,aemo,/ve-remi-dmz-dmz-sh-nas01/data/de_group/ghz_11401/data/wind_timeseries/aligned_15min/aemo/segments/BALDHWF1_seg001.csv,True,aemo_seg001_as_full,AEMO 无 full/；n_segments=1 时 seg001 即未切割全序列,1690419,35040,1,/ve-remi-dmz-dmz-sh-nas01/data/de_group/ghz_11401/data/wind_timeseries/aligned_15min/aemo/segments/BALDHWF1_seg001.csv
BANC DE GUERANDE 1,entsoe,/ve-remi-dmz-dmz-sh-nas01/data/de_group/ghz_11401/data/wind_timeseries/aligned_15min/entsoe/full/BANC DE GUERANDE 1.csv,True,entsoe_full,aligned 未切割全序列,5336246,31512,22,/ve-remi-dmz-dmz-sh-nas01/data/de_group/ghz_11401/data/wind_timeseries/aligned_15min/entsoe/segments/BANC DE GUERANDE 1_seg020.csv
BANC DE GUERANDE 2,entsoe,/ve-remi-dmz-dmz-sh-nas01/data/de_group/ghz_11401/data/wind_timeseries/aligned_15min/entsoe/full/BANC DE GUERANDE 2.csv,True,entsoe_full,aligned 未切割全序列,5335297,31629,29,/ve-remi-dmz-dmz-sh-nas01/data/de_group/ghz_11401/data/wind_timeseries/aligned_15min/entsoe/segments/BANC DE GUERANDE 2_seg026.csv
BLUFF1,aemo,/ve-remi-dmz-dmz-sh-nas01/data/de_group/ghz_11401/data/wind_timeseries/aligned_15min/aemo/segments/BLUFF1_seg001.csv,True,aemo_seg001_as_full,AEMO 无 full/；n_segments=1 时 seg001 即未切割全序列,1659262,35040,1,/ve-remi-dmz-dmz-sh-nas01/data/de_group/ghz_11401/data/wind_timeseries/aligned_15min/aemo/segments/BLUFF1_seg001.csv
BOCORWF1,aemo,/ve-remi-dmz-dmz-sh-nas01/data/de_group/ghz_11401/data/wind_timeseries/aligned_15min/aemo/segments/BOCORWF1_seg001.csv,True,aemo_seg001_as_full,AEMO 无 full/；n_segments=1 时 seg001 即未切割全序列,1693586,35040,1,/ve-remi-dmz-dmz-sh-nas01/data/de_group/ghz_11401/data/wind_timeseries/aligned_15min/aemo/segments/BOCORWF1_seg001.csv
BOWLW-1,entsoe,/ve-remi-dmz-dmz-sh-nas01/data/de_group/ghz_11401/data/wind_timeseries/aligned_15min/entsoe/full/BOWLW-1.csv,True,entsoe_full,aligned 未切割全序列,10107178,85069,110,/ve-remi-dmz-dmz-sh-nas01/data/de_group/ghz_11401/data/wind_timeseries/aligned_15min/entsoe/segments/BOWLW-1_seg101.csv
BRBEO-1,entsoe,/ve-remi-dmz-dmz-sh-nas01/data/de_group/ghz_11401/data/wind_timeseries/aligned_15min/entsoe/full/BRBEO-1.csv,True,entsoe_full,aligned 未切割全序列,7030715,53305,56,/ve-remi-dmz-dmz-sh-nas01/data/de_group/ghz_11401/data/wind_timeseries/aligned_15min/entsoe/segments/BRBEO-1_seg048.csv
BRDUW-1,entsoe,/ve-remi-dmz-dmz-sh-nas01/data/de_group/ghz_11401/data/wind_timeseries/aligned_15min/entsoe/full/BRDUW-1.csv,True,entsoe_full,aligned 未切割全序列,10118065,84031,115,/ve-remi-dmz-dmz-sh-nas01/data/de_group/ghz_11401/data/wind_timeseries/aligned_15min/entsoe/segments/BRDUW-1_seg106.csv
BRYBW-1,entsoe,/ve-remi-dmz-dmz-sh-nas01/data/de_group/ghz_11401/data/wind_timeseries/aligned_15min/entsoe/full/BRYBW-1.csv,True,entsoe_full,aligned 未切割全序列,10106717,86078,115,/ve-remi-dmz-dmz-sh-nas01/data/de_group/ghz_11401/data/wind_timeseries/aligned_15min/entsoe/segments/BRYBW-1_seg107.csv
BURBW-1,entsoe,/ve-remi-dmz-dmz-sh-nas01/data/de_group/ghz_11401/data/wind_timeseries/aligned_15min/entsoe/full/BURBW-1.csv,True,entsoe_full,aligned 未切割全序列,10177484,82351,101,/ve-remi-dmz-dmz-sh-nas01/data/de_group/ghz_11401/data/wind_timeseries/aligned_15min/entsoe/segments/BURBW-1_seg092.csv
Belwind Phase 1,entsoe,/ve-remi-dmz-dmz-sh-nas01/data/de_group/ghz_11401/data/wind_timeseries/aligned_15min/entsoe/full/Belwind Phase 1.csv,True,entsoe_full,aligned 未切割全序列,20126300,95519,2,/ve-remi-dmz-dmz-sh-nas01/data/de_group/ghz_11401/data/wind_timeseries/aligned_15min/entsoe/segments/Belwind Phase 1_seg001.csv
CAPTL_WF,aemo,/ve-remi-dmz-dmz-sh-nas01/data/de_group/ghz_11401/data/wind_timeseries/aligned_15min/aemo/segments/CAPTL_WF_seg001.csv,True,aemo_seg001_as_full,AEMO 无 full/；n_segments=1 时 seg001 即未切割全序列,1611427,35040,1,/ve-remi-dmz-dmz-sh-nas01/data/de_group/ghz_11401/data/wind_timeseries/aligned_15min/aemo/segments/CAPTL_WF_seg001.csv
CATHROCK,aemo,/ve-remi-dmz-dmz-sh-nas01/data/de_group/ghz_11401/data/wind_timeseries/aligned_15min/aemo/segments/CATHROCK_seg001.csv,True,aemo_seg001_as_full,AEMO 无 full/；n_segments=1 时 seg001 即未切割全序列,1675921,35040,1,/ve-remi-dmz-dmz-sh-nas01/data/de_group/ghz_11401/data/wind_timeseries/aligned_15min/aemo/segments/CATHROCK_seg001.csv
CHALLHWF,aemo,/ve-remi-dmz-dmz-sh-nas01/data/de_group/ghz_11401/data/wind_timeseries/aligned_15min/aemo/segments/CHALLHWF_seg001.csv,True,aemo_seg001_as_full,AEMO 无 full/；n_segments=1 时 seg001 即未切割全序列,1712739,35040,1,/ve-remi-dmz-dmz-sh-nas01/data/de_group/ghz_11401/data/wind_timeseries/aligned_15min/aemo/segments/CHALLHWF_seg001.csv
CLDNW-1,entsoe,/ve-remi-dmz-dmz-sh-nas01/data/de_group/ghz_11401/data/wind_timeseries/aligned_15min/entsoe/full/CLDNW-1.csv,True,entsoe_full,aligned 未切割全序列,10135378,85941,119,/ve-remi-dmz-dmz-sh-nas01/data/de_group/ghz_11401/data/wind_timeseries/aligned_15min/entsoe/segments/CLDNW-1_seg110.csv
CLDSW-1,entsoe,/ve-remi-dmz-dmz-sh-nas01/data/de_group/ghz_11401/data/wind_timeseries/aligned_15min/entsoe/full/CLDSW-1.csv,True,entsoe_full,aligned 未切割全序列,10111858,78244,107,/ve-remi-dmz-dmz-sh-nas01/data/de_group/ghz_11401/data/wind_timeseries/aligned_15min/entsoe/segments/CLDSW-1_seg094.csv
CLEMGPWF,aemo,/ve-remi-dmz-dmz-sh-nas01/data/de_group/ghz_11401/data/wind_timeseries/aligned_15min/aemo/segments/CLEMGPWF_seg001.csv,True,aemo_seg001_as_full,AEMO 无 full/；n_segments=1 时 seg001 即未切割全序列,1712081,35040,1,/ve-remi-dmz-dmz-sh-nas01/data/de_group/ghz_11401/data/wind_timeseries/aligned_15min/aemo/segments/CLEMGPWF_seg001.csv
CNUNDAWF,aemo,/ve-remi-dmz-dmz-sh-nas01/data/de_group/ghz_11401/data/wind_timeseries/aligned_15min/aemo/segments/CNUNDAWF_seg001.csv,True,aemo_seg001_as_full,AEMO 无 full/；n_segments=1 时 seg001 即未切割全序列,1711383,35040,1,/ve-remi-dmz-dmz-sh-nas01/data/de_group/ghz_11401/data/wind_timeseries/aligned_15min/aemo/segments/CNUNDAWF_seg001.csv
CULLRGWF,aemo,/ve-remi-dmz-dmz-sh-nas01/data/de_group/ghz_11401/data/wind_timeseries/aligned_15min/aemo/segments/CULLRGWF_seg001.csv,True,aemo_seg001_as_full,AEMO 无 full/；n_segments=1 时 seg001 即未切割全序列,1746604,35040,1,/ve-remi-dmz-dmz-sh-nas01/data/de_group/ghz_11401/data/wind_timeseries/aligned_15min/aemo/segments/CULLRGWF_seg001.csv
DK_KF_AB_GU,entsoe,/ve-remi-dmz-dmz-sh-nas01/data/de_group/ghz_11401/data/wind_timeseries/aligned_15min/entsoe/full/DK_KF_AB_GU.csv,True,entsoe_full,aligned 未切割全序列,7702674,45471,7,/ve-remi-dmz-dmz-sh-nas01/data/de_group/ghz_11401/data/wind_timeseries/aligned_15min/entsoe/segments/DK_KF_AB_GU_seg002.csv
GRGBW-1,entsoe,/ve-remi-dmz-dmz-sh-nas01/data/de_group/ghz_11401/data/wind_timeseries/aligned_15min/entsoe/full/GRGBW-1.csv,True,entsoe_full,aligned 未切割全序列,10167851,85799,111,/ve-remi-dmz-dmz-sh-nas01/data/de_group/ghz_11401/data/wind_timeseries/aligned_15min/entsoe/segments/GRGBW-1_seg103.csv
GRGBW-2,entsoe,/ve-remi-dmz-dmz-sh-nas01/data/de_group/ghz_11401/data/wind_timeseries/aligned_15min/entsoe/full/GRGBW-2.csv,True,entsoe_full,aligned 未切割全序列,10167324,86813,115,/ve-remi-dmz-dmz-sh-nas01/data/de_group/ghz_11401/data/wind_timeseries/aligned_15min/entsoe/segments/GRGBW-2_seg107.csv
GRGBW-3,entsoe,/ve-remi-dmz-dmz-sh-nas01/data/de_group/ghz_11401/data/wind_timeseries/aligned_15min/entsoe/full/GRGBW-3.csv,True,entsoe_full,aligned 未切割全序列,10178926,86134,118,/ve-remi-dmz-dmz-sh-nas01/data/de_group/ghz_11401/data/wind_timeseries/aligned_15min/entsoe/segments/GRGBW-3_seg109.csv
GULLRWF1,aemo,/ve-remi-dmz-dmz-sh-nas01/data/de_group/ghz_11401/data/wind_timeseries/aligned_15min/aemo/segments/GULLRWF1_seg001.csv,True,aemo_seg001_as_full,AEMO 无 full/；n_segments=1 时 seg001 即未切割全序列,1731589,35040,1,/ve-remi-dmz-dmz-sh-nas01/data/de_group/ghz_11401/data/wind_timeseries/aligned_15min/aemo/segments/GULLRWF1_seg001.csv
GUNNING1,aemo,/ve-remi-dmz-dmz-sh-nas01/data/de_group/ghz_11401/data/wind_timeseries/aligned_15min/aemo/segments/GUNNING1_seg001.csv,True,aemo_seg001_as_full,AEMO 无 full/；n_segments=1 时 seg001 即未切割全序列,1752673,35040,1,/ve-remi-dmz-dmz-sh-nas01/data/de_group/ghz_11401/data/wind_timeseries/aligned_15min/aemo/segments/GUNNING1_seg001.csv
HALLWF1,aemo,/ve-remi-dmz-dmz-sh-nas01/data/de_group/ghz_11401/data/wind_timeseries/aligned_15min/aemo/segments/HALLWF1_seg001.csv,True,aemo_seg001_as_full,AEMO 无 full/；n_segments=1 时 seg001 即未切割全序列,1681405,35040,1,/ve-remi-dmz-dmz-sh-nas01/data/de_group/ghz_11401/data/wind_timeseries/aligned_15min/aemo/segments/HALLWF1_seg001.csv
Horns Rev A,entsoe,/ve-remi-dmz-dmz-sh-nas01/data/de_group/ghz_11401/data/wind_timeseries/aligned_15min/entsoe/full/Horns Rev A.csv,True,entsoe_full,aligned 未切割全序列,18104024,100963,11,/ve-remi-dmz-dmz-sh-nas01/data/de_group/ghz_11401/data/wind_timeseries/aligned_15min/entsoe/segments/Horns Rev A_seg003.csv
Horns Rev B,entsoe,/ve-remi-dmz-dmz-sh-nas01/data/de_group/ghz_11401/data/wind_timeseries/aligned_15min/entsoe/full/Horns Rev B.csv,True,entsoe_full,aligned 未切割全序列,18249559,101011,10,/ve-remi-dmz-dmz-sh-nas01/data/de_group/ghz_11401/data/wind_timeseries/aligned_15min/entsoe/segments/Horns Rev B_seg003.csv
Horns Rev C,entsoe,/ve-remi-dmz-dmz-sh-nas01/data/de_group/ghz_11401/data/wind_timeseries/aligned_15min/entsoe/full/Horns Rev C.csv,True,entsoe_full,aligned 未切割全序列,10909432,62374,7,/ve-remi-dmz-dmz-sh-nas01/data/de_group/ghz_11401/data/wind_timeseries/aligned_15min/entsoe/segments/Horns Rev C_seg001.csv
LARYO-1,entsoe,/ve-remi-dmz-dmz-sh-nas01/data/de_group/ghz_11401/data/wind_timeseries/aligned_15min/entsoe/full/LARYO-1.csv,True,entsoe_full,aligned 未切割全序列,10147302,85521,110,/ve-remi-dmz-dmz-sh-nas01/data/de_group/ghz_11401/data/wind_timeseries/aligned_15min/entsoe/segments/LARYO-1_seg102.csv
LKBONNY1,aemo,/ve-remi-dmz-dmz-sh-nas01/data/de_group/ghz_11401/data/wind_timeseries/aligned_15min/aemo/segments/LKBONNY1_seg001.csv,True,aemo_seg001_as_full,AEMO 无 full/；n_segments=1 时 seg001 即未切割全序列,1734662,35040,1,/ve-remi-dmz-dmz-sh-nas01/data/de_group/ghz_11401/data/wind_timeseries/aligned_15min/aemo/segments/LKBONNY1_seg001.csv
LKBONNY2,aemo,/ve-remi-dmz-dmz-sh-nas01/data/de_group/ghz_11401/data/wind_timeseries/aligned_15min/aemo/segments/LKBONNY2_seg001.csv,True,aemo_seg001_as_full,AEMO 无 full/；n_segments=1 时 seg001 即未切割全序列,1747520,35040,1,/ve-remi-dmz-dmz-sh-nas01/data/de_group/ghz_11401/data/wind_timeseries/aligned_15min/aemo/segments/LKBONNY2_seg001.csv
LKBONNY3,aemo,/ve-remi-dmz-dmz-sh-nas01/data/de_group/ghz_11401/data/wind_timeseries/aligned_15min/aemo/segments/LKBONNY3_seg001.csv,True,aemo_seg001_as_full,AEMO 无 full/；n_segments=1 时 seg001 即未切割全序列,1726727,35040,1,/ve-remi-dmz-dmz-sh-nas01/data/de_group/ghz_11401/data/wind_timeseries/aligned_15min/aemo/segments/LKBONNY3_seg001.csv
MINSW-1,entsoe,/ve-remi-dmz-dmz-sh-nas01/data/de_group/ghz_11401/data/wind_timeseries/aligned_15min/entsoe/full/MINSW-1.csv,True,entsoe_full,aligned 未切割全序列,10030802,87535,129,/ve-remi-dmz-dmz-sh-nas01/data/de_group/ghz_11401/data/wind_timeseries/aligned_15min/entsoe/segments/MINSW-1_seg121.csv
NREL_WTK_site101275_SouthDakota-Deuel_class2_16MW_2007-2013,nrel,/ve-remi-dmz-dmz-sh-nas01/data/de_group/ghz_11401/data/wind_timeseries/aligned_15min/nrel/segments/NREL_WTK_site101275_SouthDakota-Deuel_class2_16MW_2007-2013.csv,True,nrel_aligned_full,NREL 对齐后的完整 CSV（_seq 切割前）,22687612,245472,1,/ve-remi-dmz-dmz-sh-nas01/data/de_group/ghz_11401/data/wind_timeseries/aligned_15min/nrel/segments/NREL_WTK_site101275_SouthDakota-Deuel_class2_16MW_2007-2013.csv
NREL_WTK_site101582_Massachusetts-Berkshire_class3_16MW_2007-2013,nrel,/ve-remi-dmz-dmz-sh-nas01/data/de_group/ghz_11401/data/wind_timeseries/aligned_15min/nrel/segments/NREL_WTK_site101582_Massachusetts-Berkshire_class3_16MW_2007-2013.csv,True,nrel_aligned_full,NREL 对齐后的完整 CSV（_seq 切割前）,23733314,245472,1,/ve-remi-dmz-dmz-sh-nas01/data/de_group/ghz_11401/data/wind_timeseries/aligned_15min/nrel/segments/NREL_WTK_site101582_Massachusetts-Berkshire_class3_16MW_2007-2013.csv
NREL_WTK_site102811_NewYork-Albany_class2_16MW_2007-2013,nrel,/ve-remi-dmz-dmz-sh-nas01/data/de_group/ghz_11401/data/wind_timeseries/aligned_15min/nrel/segments/NREL_WTK_site102811_NewYork-Albany_class2_16MW_2007-2013.csv,True,nrel_aligned_full,NREL 对齐后的完整 CSV（_seq 切割前）,22038976,245472,1,/ve-remi-dmz-dmz-sh-nas01/data/de_group/ghz_11401/data/wind_timeseries/aligned_15min/nrel/segments/NREL_WTK_site102811_NewYork-Albany_class2_16MW_2007-2013.csv
NREL_WTK_site10444_NewMexico-Eddy_class1_16MW_2007-2013,nrel,/ve-remi-dmz-dmz-sh-nas01/data/de_group/ghz_11401/data/wind_timeseries/aligned_15min/nrel/segments/NREL_WTK_site10444_NewMexico-Eddy_class1_16MW_2007-2013.csv,True,nrel_aligned_full,NREL 对齐后的完整 CSV（_seq 切割前）,21795437,245472,1,/ve-remi-dmz-dmz-sh-nas01/data/de_group/ghz_11401/data/wind_timeseries/aligned_15min/nrel/segments/NREL_WTK_site10444_NewMexico-Eddy_class1_16MW_2007-2013.csv
NREL_WTK_site104714_Massachusetts-Plymouth_class3_2MW_2007-2013,nrel,/ve-remi-dmz-dmz-sh-nas01/data/de_group/ghz_11401/data/wind_timeseries/aligned_15min/nrel/segments/NREL_WTK_site104714_Massachusetts-Plymouth_class3_2MW_2007-2013.csv,True,nrel_aligned_full,NREL 对齐后的完整 CSV（_seq 切割前）,23336283,245472,1,/ve-remi-dmz-dmz-sh-nas01/data/de_group/ghz_11401/data/wind_timeseries/aligned_15min/nrel/segments/NREL_WTK_site104714_Massachusetts-Plymouth_class3_2MW_2007-2013.csv
NREL_WTK_site104932_SouthDakota-Butte_class1_14MW_2007-2013,nrel,/ve-remi-dmz-dmz-sh-nas01/data/de_group/ghz_11401/data/wind_timeseries/aligned_15min/nrel/segments/NREL_WTK_site104932_SouthDakota-Butte_class1_14MW_2007-2013.csv,True,nrel_aligned_full,NREL 对齐后的完整 CSV（_seq 切割前）,22536716,245472,1,/ve-remi-dmz-dmz-sh-nas01/data/de_group/ghz_11401/data/wind_timeseries/aligned_15min/nrel/segments/NREL_WTK_site104932_SouthDakota-Butte_class1_14MW_2007-2013.csv
NREL_WTK_site105082_SouthDakota-Butte_class1_12MW_2007-2013,nrel,/ve-remi-dmz-dmz-sh-nas01/data/de_group/ghz_11401/data/wind_timeseries/aligned_15min/nrel/segments/NREL_WTK_site105082_SouthDakota-Butte_class1_12MW_2007-2013.csv,True,nrel_aligned_full,NREL 对齐后的完整 CSV（_seq 切割前）,22820753,245472,1,/ve-remi-dmz-dmz-sh-nas01/data/de_group/ghz_11401/data/wind_timeseries/aligned_15min/nrel/segments/NREL_WTK_site105082_SouthDakota-Butte_class1_12MW_2007-2013.csv
NREL_WTK_site110192_Minnesota-Benton_class3_16MW_2007-2013,nrel,/ve-remi-dmz-dmz-sh-nas01/data/de_group/ghz_11401/data/wind_timeseries/aligned_15min/nrel/segments/NREL_WTK_site110192_Minnesota-Benton_class3_16MW_2007-2013.csv,True,nrel_aligned_full,NREL 对齐后的完整 CSV（_seq 切割前）,22783027,245472,1,/ve-remi-dmz-dmz-sh-nas01/data/de_group/ghz_11401/data/wind_timeseries/aligned_15min/nrel/segments/NREL_WTK_site110192_Minnesota-Benton_class3_16MW_2007-2013.csv
NREL_WTK_site110712_Michigan-LakeMichigan_class2_2MW_2007-2013,nrel,/ve-remi-dmz-dmz-sh-nas01/data/de_group/ghz_11401/data/wind_timeseries/aligned_15min/nrel/segments/NREL_WTK_site110712_Michigan-LakeMichigan_class2_2MW_2007-2013.csv,True,nrel_aligned_full,NREL 对齐后的完整 CSV（_seq 切割前）,23613524,245472,1,/ve-remi-dmz-dmz-sh-nas01/data/de_group/ghz_11401/data/wind_timeseries/aligned_15min/nrel/segments/NREL_WTK_site110712_Michigan-LakeMichigan_class2_2MW_2007-2013.csv
NREL_WTK_site111362_Montana-Carter_class1_10MW_2007-2013,nrel,/ve-remi-dmz-dmz-sh-nas01/data/de_group/ghz_11401/data/wind_timeseries/aligned_15min/nrel/segments/NREL_WTK_site111362_Montana-Carter_class1_10MW_2007-2013.csv,True,nrel_aligned_full,NREL 对齐后的完整 CSV（_seq 切割前）,22234332,245472,1,/ve-remi-dmz-dmz-sh-nas01/data/de_group/ghz_11401/data/wind_timeseries/aligned_15min/nrel/segments/NREL_WTK_site111362_Montana-Carter_class1_10MW_2007-2013.csv
NREL_WTK_site114665_Offshore-LakeHuron_offshore_16MW_2007-2013,nrel,/ve-remi-dmz-dmz-sh-nas01/data/de_group/ghz_11401/data/wind_timeseries/aligned_15min/nrel/segments/NREL_WTK_site114665_Offshore-LakeHuron_offshore_16MW_2007-2013.csv,True,nrel_aligned_full,NREL 对齐后的完整 CSV（_seq 切割前）,23382711,245472,1,/ve-remi-dmz-dmz-sh-nas01/data/de_group/ghz_11401/data/wind_timeseries/aligned_15min/nrel/segments/NREL_WTK_site114665_Offshore-LakeHuron_offshore_16MW_2007-2013.csv
NREL_WTK_site116754_Vermont-Essex_class3_14MW_2007-2013,nrel,/ve-remi-dmz-dmz-sh-nas01/data/de_group/ghz_11401/data/wind_timeseries/aligned_15min/nrel/segments/NREL_WTK_site116754_Vermont-Essex_class3_14MW_2007-2013.csv,True,nrel_aligned_full,NREL 对齐后的完整 CSV（_seq 切割前）,21737156,245472,1,/ve-remi-dmz-dmz-sh-nas01/data/de_group/ghz_11401/data/wind_timeseries/aligned_15min/nrel/segments/NREL_WTK_site116754_Vermont-Essex_class3_14MW_2007-2013.csv
NREL_WTK_site117612_Oregon-Morrow_class3_14MW_2007-2013,nrel,/ve-remi-dmz-dmz-sh-nas01/data/de_group/ghz_11401/data/wind_timeseries/aligned_15min/nrel/segments/NREL_WTK_site117612_Oregon-Morrow_class3_14MW_2007-2013.csv,True,nrel_aligned_full,NREL 对齐后的完整 CSV（_seq 切割前）,21392615,245472,1,/ve-remi-dmz-dmz-sh-nas01/data/de_group/ghz_11401/data/wind_timeseries/aligned_15min/nrel/segments/NREL_WTK_site117612_Oregon-Morrow_class3_14MW_2007-2013.csv
NREL_WTK_site117971_NorthDakota-Dunn_class2_10MW_2007-2013,nrel,/ve-remi-dmz-dmz-sh-nas01/data/de_group/ghz_11401/data/wind_timeseries/aligned_15min/nrel/segments/NREL_WTK_site117971_NorthDakota-Dunn_class2_10MW_2007-2013.csv,True,nrel_aligned_full,NREL 对齐后的完整 CSV（_seq 切割前）,22481409,245472,1,/ve-remi-dmz-dmz-sh-nas01/data/de_group/ghz_11401/data/wind_timeseries/aligned_15min/nrel/segments/NREL_WTK_site117971_NorthDakota-Dunn_class2_10MW_2007-2013.csv
NREL_WTK_site118282_NewHampshire-Coos_class3_12MW_2007-2013,nrel,/ve-remi-dmz-dmz-sh-nas01/data/de_group/ghz_11401/data/wind_timeseries/aligned_15min/nrel/segments/NREL_WTK_site118282_NewHampshire-Coos_class3_12MW_2007-2013.csv,True,nrel_aligned_full,NREL 对齐后的完整 CSV（_seq 切割前）,22626039,245472,1,/ve-remi-dmz-dmz-sh-nas01/data/de_group/ghz_11401/data/wind_timeseries/aligned_15min/nrel/segments/NREL_WTK_site118282_NewHampshire-Coos_class3_12MW_2007-2013.csv
NREL_WTK_site119090_Maine-Waldo_class3_16MW_2007-2013,nrel,/ve-remi-dmz-dmz-sh-nas01/data/de_group/ghz_11401/data/wind_timeseries/aligned_15min/nrel/segments/NREL_WTK_site119090_Maine-Waldo_class3_16MW_2007-2013.csv,True,nrel_aligned_full,NREL 对齐后的完整 CSV（_seq 切割前）,21335627,245472,1,/ve-remi-dmz-dmz-sh-nas01/data/de_group/ghz_11401/data/wind_timeseries/aligned_15min/nrel/segments/NREL_WTK_site119090_Maine-Waldo_class3_16MW_2007-2013.csv
NREL_WTK_site12172_Alabama-Chambers_class3_16MW_2007-2013,nrel,/ve-remi-dmz-dmz-sh-nas01/data/de_group/ghz_11401/data/wind_timeseries/aligned_15min/nrel/segments/NREL_WTK_site12172_Alabama-Chambers_class3_16MW_2007-2013.csv,True,nrel_aligned_full,NREL 对齐后的完整 CSV（_seq 切割前）,22343862,245472,1,/ve-remi-dmz-dmz-sh-nas01/data/de_group/ghz_11401/data/wind_timeseries/aligned_15min/nrel/segments/NREL_WTK_site12172_Alabama-Chambers_class3_16MW_2007-2013.csv
NREL_WTK_site121764_Washington-Klickitat_class2_16MW_2007-2013,nrel,/ve-remi-dmz-dmz-sh-nas01/data/de_group/ghz_11401/data/wind_timeseries/aligned_15min/nrel/segments/NREL_WTK_site121764_Washington-Klickitat_class2_16MW_2007-2013.csv,True,nrel_aligned_full,NREL 对齐后的完整 CSV（_seq 切割前）,22770333,245472,1,/ve-remi-dmz-dmz-sh-nas01/data/de_group/ghz_11401/data/wind_timeseries/aligned_15min/nrel/segments/NREL_WTK_site121764_Washington-Klickitat_class2_16MW_2007-2013.csv
NREL_WTK_site122002_Maine-Piscataquis_class3_12MW_2007-2013,nrel,/ve-remi-dmz-dmz-sh-nas01/data/de_group/ghz_11401/data/wind_timeseries/aligned_15min/nrel/segments/NREL_WTK_site122002_Maine-Piscataquis_class3_12MW_2007-2013.csv,True,nrel_aligned_full,NREL 对齐后的完整 CSV（_seq 切割前）,22659073,245472,1,/ve-remi-dmz-dmz-sh-nas01/data/de_group/ghz_11401/data/wind_timeseries/aligned_15min/nrel/segments/NREL_WTK_site122002_Maine-Piscataquis_class3_12MW_2007-2013.csv
NREL_WTK_site126058_Montana-Glacier_class2_2MW_2007-2013,nrel,/ve-remi-dmz-dmz-sh-nas01/data/de_group/ghz_11401/data/wind_timeseries/aligned_15min/nrel/segments/NREL_WTK_site126058_Montana-Glacier_class2_2MW_2007-2013.csv,True,nrel_aligned_full,NREL 对齐后的完整 CSV（_seq 切割前）,21832913,245472,1,/ve-remi-dmz-dmz-sh-nas01/data/de_group/ghz_11401/data/wind_timeseries/aligned_15min/nrel/segments/NREL_WTK_site126058_Montana-Glacier_class2_2MW_2007-2013.csv
NREL_WTK_site126185_Montana-Glacier_class1_14MW_2007-2013,nrel,/ve-remi-dmz-dmz-sh-nas01/data/de_group/ghz_11401/data/wind_timeseries/aligned_15min/nrel/segments/NREL_WTK_site126185_Montana-Glacier_class1_14MW_2007-2013.csv,True,nrel_aligned_full,NREL 对齐后的完整 CSV（_seq 切割前）,22005240,245472,1,/ve-remi-dmz-dmz-sh-nas01/data/de_group/ghz_11401/data/wind_timeseries/aligned_15min/nrel/segments/NREL_WTK_site126185_Montana-Glacier_class1_14MW_2007-2013.csv
NREL_WTK_site1415_Florida-MiamiDade_class3_16MW_2007-2013,nrel,/ve-remi-dmz-dmz-sh-nas01/data/de_group/ghz_11401/data/wind_timeseries/aligned_15min/nrel/segments/NREL_WTK_site1415_Florida-MiamiDade_class3_16MW_2007-2013.csv,True,nrel_aligned_full,NREL 对齐后的完整 CSV（_seq 切割前）,22013050,245472,1,/ve-remi-dmz-dmz-sh-nas01/data/de_group/ghz_11401/data/wind_timeseries/aligned_15min/nrel/segments/NREL_WTK_site1415_Florida-MiamiDade_class3_16MW_2007-2013.csv
NREL_WTK_site14725_SouthCarolina-Bamberg_class3_16MW_2007-2013,nrel,/ve-remi-dmz-dmz-sh-nas01/data/de_group/ghz_11401/data/wind_timeseries/aligned_15min/nrel/segments/NREL_WTK_site14725_SouthCarolina-Bamberg_class3_16MW_2007-2013.csv,True,nrel_aligned_full,NREL 对齐后的完整 CSV（_seq 切割前）,23213241,245472,1,/ve-remi-dmz-dmz-sh-nas01/data/de_group/ghz_11401/data/wind_timeseries/aligned_15min/nrel/segments/NREL_WTK_site14725_SouthCarolina-Bamberg_class3_16MW_2007-2013.csv
NREL_WTK_site15559_California-Imperial_class1_2MW_2007-2013,nrel,/ve-remi-dmz-dmz-sh-nas01/data/de_group/ghz_11401/data/wind_timeseries/aligned_15min/nrel/segments/NREL_WTK_site15559_California-Imperial_class1_2MW_2007-2013.csv,True,nrel_aligned_full,NREL 对齐后的完整 CSV（_seq 切割前）,22828649,245472,1,/ve-remi-dmz-dmz-sh-nas01/data/de_group/ghz_11401/data/wind_timeseries/aligned_15min/nrel/segments/NREL_WTK_site15559_California-Imperial_class1_2MW_2007-2013.csv
NREL_WTK_site16069_Oklahoma-Comanche_class1_2MW_2007-2013,nrel,/ve-remi-dmz-dmz-sh-nas01/data/de_group/ghz_11401/data/wind_timeseries/aligned_15min/nrel/segments/NREL_WTK_site16069_Oklahoma-Comanche_class1_2MW_2007-2013.csv,True,nrel_aligned_full,NREL 对齐后的完整 CSV（_seq 切割前）,22465063,245472,1,/ve-remi-dmz-dmz-sh-nas01/data/de_group/ghz_11401/data/wind_timeseries/aligned_15min/nrel/segments/NREL_WTK_site16069_Oklahoma-Comanche_class1_2MW_2007-2013.csv
NREL_WTK_site17501_Georgia-Pickens_class3_16MW_2007-2013,nrel,/ve-remi-dmz-dmz-sh-nas01/data/de_group/ghz_11401/data/wind_timeseries/aligned_15min/nrel/segments/NREL_WTK_site17501_Georgia-Pickens_class3_16MW_2007-2013.csv,True,nrel_aligned_full,NREL 对齐后的完整 CSV（_seq 切割前）,21927818,245472,1,/ve-remi-dmz-dmz-sh-nas01/data/de_group/ghz_11401/data/wind_timeseries/aligned_15min/nrel/segments/NREL_WTK_site17501_Georgia-Pickens_class3_16MW_2007-2013.csv
NREL_WTK_site19095_Oklahoma-Grady_class2_16MW_2007-2013,nrel,/ve-remi-dmz-dmz-sh-nas01/data/de_group/ghz_11401/data/wind_timeseries/aligned_15min/nrel/segments/NREL_WTK_site19095_Oklahoma-Grady_class2_16MW_2007-2013.csv,True,nrel_aligned_full,NREL 对齐后的完整 CSV（_seq 切割前）,21763858,245472,1,/ve-remi-dmz-dmz-sh-nas01/data/de_group/ghz_11401/data/wind_timeseries/aligned_15min/nrel/segments/NREL_WTK_site19095_Oklahoma-Grady_class2_16MW_2007-2013.csv
NREL_WTK_site20092_Arizona-Apache_class3_16MW_2007-2013,nrel,/ve-remi-dmz-dmz-sh-nas01/data/de_group/ghz_11401/data/wind_timeseries/aligned_15min/nrel/segments/NREL_WTK_site20092_Arizona-Apache_class3_16MW_2007-2013.csv,True,nrel_aligned_full,NREL 对齐后的完整 CSV（_seq 切割前）,21386784,245472,1,/ve-remi-dmz-dmz-sh-nas01/data/de_group/ghz_11401/data/wind_timeseries/aligned_15min/nrel/segments/NREL_WTK_site20092_Arizona-Apache_class3_16MW_2007-2013.csv
NREL_WTK_site22664_Arkansas-Washington_class3_16MW_2007-2013,nrel,/ve-remi-dmz-dmz-sh-nas01/data/de_group/ghz_11401/data/wind_timeseries/aligned_15min/nrel/segments/NREL_WTK_site22664_Arkansas-Washington_class3_16MW_2007-2013.csv,True,nrel_aligned_full,NREL 对齐后的完整 CSV（_seq 切割前）,22656830,245472,1,/ve-remi-dmz-dmz-sh-nas01/data/de_group/ghz_11401/data/wind_timeseries/aligned_15min/nrel/segments/NREL_WTK_site22664_Arkansas-Washington_class3_16MW_2007-2013.csv
NREL_WTK_site24924_Atlantic-Offshore_16MW_2007-2013,nrel,/ve-remi-dmz-dmz-sh-nas01/data/de_group/ghz_11401/data/wind_timeseries/aligned_15min/nrel/segments/NREL_WTK_site24924_Atlantic-Offshore_16MW_2007-2013.csv,True,nrel_aligned_full,NREL 对齐后的完整 CSV（_seq 切割前）,20988139,245472,1,/ve-remi-dmz-dmz-sh-nas01/data/de_group/ghz_11401/data/wind_timeseries/aligned_15min/nrel/segments/NREL_WTK_site24924_Atlantic-Offshore_16MW_2007-2013.csv
NREL_WTK_site26558_Oklahoma-Ellis_class2_16MW_2007-2013,nrel,/ve-remi-dmz-dmz-sh-nas01/data/de_group/ghz_11401/data/wind_timeseries/aligned_15min/nrel/segments/NREL_WTK_site26558_Oklahoma-Ellis_class2_16MW_2007-2013.csv,True,nrel_aligned_full,NREL 对齐后的完整 CSV（_seq 切割前）,21585371,245472,1,/ve-remi-dmz-dmz-sh-nas01/data/de_group/ghz_11401/data/wind_timeseries/aligned_15min/nrel/segments/NREL_WTK_site26558_Oklahoma-Ellis_class2_16MW_2007-2013.csv
NREL_WTK_site27707_Offshore-Pacific-CA_offshore_16MW_2007-2013,nrel,/ve-remi-dmz-dmz-sh-nas01/data/de_group/ghz_11401/data/wind_timeseries/aligned_15min/nrel/segments/NREL_WTK_site27707_Offshore-Pacific-CA_offshore_16MW_2007-2013.csv,True,nrel_aligned_full,NREL 对齐后的完整 CSV（_seq 切割前）,23199088,245472,1,/ve-remi-dmz-dmz-sh-nas01/data/de_group/ghz_11401/data/wind_timeseries/aligned_15min/nrel/segments/NREL_WTK_site27707_Offshore-Pacific-CA_offshore_16MW_2007-2013.csv
NREL_WTK_site29477_NorthCarolina-Carteret_class2_16MW_2007-2013,nrel,/ve-remi-dmz-dmz-sh-nas01/data/de_group/ghz_11401/data/wind_timeseries/aligned_15min/nrel/segments/NREL_WTK_site29477_NorthCarolina-Carteret_class2_16MW_2007-2013.csv,True,nrel_aligned_full,NREL 对齐后的完整 CSV（_seq 切割前）,23801281,245472,1,/ve-remi-dmz-dmz-sh-nas01/data/de_group/ghz_11401/data/wind_timeseries/aligned_15min/nrel/segments/NREL_WTK_site29477_NorthCarolina-Carteret_class2_16MW_2007-2013.csv
NREL_WTK_site29715_Tennessee-Campbell_class3_8MW_2007-2013,nrel,/ve-remi-dmz-dmz-sh-nas01/data/de_group/ghz_11401/data/wind_timeseries/aligned_15min/nrel/segments/NREL_WTK_site29715_Tennessee-Campbell_class3_8MW_2007-2013.csv,True,nrel_aligned_full,NREL 对齐后的完整 CSV（_seq 切割前）,22074414,245472,1,/ve-remi-dmz-dmz-sh-nas01/data/de_group/ghz_11401/data/wind_timeseries/aligned_15min/nrel/segments/NREL_WTK_site29715_Tennessee-Campbell_class3_8MW_2007-2013.csv
NREL_WTK_site3044_Offshore-Gulf-LA_offshore_16MW_2007-2013,nrel,/ve-remi-dmz-dmz-sh-nas01/data/de_group/ghz_11401/data/wind_timeseries/aligned_15min/nrel/segments/NREL_WTK_site3044_Offshore-Gulf-LA_offshore_16MW_2007-2013.csv,True,nrel_aligned_full,NREL 对齐后的完整 CSV（_seq 切割前）,22311127,245472,1,/ve-remi-dmz-dmz-sh-nas01/data/de_group/ghz_11401/data/wind_timeseries/aligned_15min/nrel/segments/NREL_WTK_site3044_Offshore-Gulf-LA_offshore_16MW_2007-2013.csv
NREL_WTK_site31505_NewMexico-Union_class2_12MW_2007-2013,nrel,/ve-remi-dmz-dmz-sh-nas01/data/de_group/ghz_11401/data/wind_timeseries/aligned_15min/nrel/segments/NREL_WTK_site31505_NewMexico-Union_class2_12MW_2007-2013.csv,True,nrel_aligned_full,NREL 对齐后的完整 CSV（_seq 切割前）,21784969,245472,1,/ve-remi-dmz-dmz-sh-nas01/data/de_group/ghz_11401/data/wind_timeseries/aligned_15min/nrel/segments/NREL_WTK_site31505_NewMexico-Union_class2_12MW_2007-2013.csv
NREL_WTK_site33345_California-SanBernardino_class2_16MW_2007-2013,nrel,/ve-remi-dmz-dmz-sh-nas01/data/de_group/ghz_11401/data/wind_timeseries/aligned_15min/nrel/segments/NREL_WTK_site33345_California-SanBernardino_class2_16MW_2007-2013.csv,True,nrel_aligned_full,NREL 对齐后的完整 CSV（_seq 切割前）,24356283,245472,1,/ve-remi-dmz-dmz-sh-nas01/data/de_group/ghz_11401/data/wind_timeseries/aligned_15min/nrel/segments/NREL_WTK_site33345_California-SanBernardino_class2_16MW_2007-2013.csv
NREL_WTK_site34260_Offshore-NC-OuterBanks_offshore_16MW_2007-2013,nrel,/ve-remi-dmz-dmz-sh-nas01/data/de_group/ghz_11401/data/wind_timeseries/aligned_15min/nrel/segments/NREL_WTK_site34260_Offshore-NC-OuterBanks_offshore_16MW_2007-2013.csv,True,nrel_aligned_full,NREL 对齐后的完整 CSV（_seq 切割前）,24102791,245472,1,/ve-remi-dmz-dmz-sh-nas01/data/de_group/ghz_11401/data/wind_timeseries/aligned_15min/nrel/segments/NREL_WTK_site34260_Offshore-NC-OuterBanks_offshore_16MW_2007-2013.csv
NREL_WTK_site34947_Kansas-Kiowa_class1_2MW_2007-2013,nrel,/ve-remi-dmz-dmz-sh-nas01/data/de_group/ghz_11401/data/wind_timeseries/aligned_15min/nrel/segments/NREL_WTK_site34947_Kansas-Kiowa_class1_2MW_2007-2013.csv,True,nrel_aligned_full,NREL 对齐后的完整 CSV（_seq 切割前）,20888904,245472,1,/ve-remi-dmz-dmz-sh-nas01/data/de_group/ghz_11401/data/wind_timeseries/aligned_15min/nrel/segments/NREL_WTK_site34947_Kansas-Kiowa_class1_2MW_2007-2013.csv
NREL_WTK_site38019_Virginia-Patrick_class1_4MW_2007-2013,nrel,/ve-remi-dmz-dmz-sh-nas01/data/de_group/ghz_11401/data/wind_timeseries/aligned_15min/nrel/segments/NREL_WTK_site38019_Virginia-Patrick_class1_4MW_2007-2013.csv,True,nrel_aligned_full,NREL 对齐后的完整 CSV（_seq 切割前）,22142095,245472,1,/ve-remi-dmz-dmz-sh-nas01/data/de_group/ghz_11401/data/wind_timeseries/aligned_15min/nrel/segments/NREL_WTK_site38019_Virginia-Patrick_class1_4MW_2007-2013.csv
NREL_WTK_site38405_Kansas-Hodgeman_class2_6MW_2007-2013,nrel,/ve-remi-dmz-dmz-sh-nas01/data/de_group/ghz_11401/data/wind_timeseries/aligned_15min/nrel/segments/NREL_WTK_site38405_Kansas-Hodgeman_class2_6MW_2007-2013.csv,True,nrel_aligned_full,NREL 对齐后的完整 CSV（_seq 切割前）,21975730,245472,1,/ve-remi-dmz-dmz-sh-nas01/data/de_group/ghz_11401/data/wind_timeseries/aligned_15min/nrel/segments/NREL_WTK_site38405_Kansas-Hodgeman_class2_6MW_2007-2013.csv
NREL_WTK_site39062_Kentucky-Madison_class3_16MW_2007-2013,nrel,/ve-remi-dmz-dmz-sh-nas01/data/de_group/ghz_11401/data/wind_timeseries/aligned_15min/nrel/segments/NREL_WTK_site39062_Kentucky-Madison_class3_16MW_2007-2013.csv,True,nrel_aligned_full,NREL 对齐后的完整 CSV（_seq 切割前）,21871498,245472,1,/ve-remi-dmz-dmz-sh-nas01/data/de_group/ghz_11401/data/wind_timeseries/aligned_15min/nrel/segments/NREL_WTK_site39062_Kentucky-Madison_class3_16MW_2007-2013.csv
NREL_WTK_site39241_Kansas-Chase_class2_16MW_2007-2013,nrel,/ve-remi-dmz-dmz-sh-nas01/data/de_group/ghz_11401/data/wind_timeseries/aligned_15min/nrel/segments/NREL_WTK_site39241_Kansas-Chase_class2_16MW_2007-2013.csv,True,nrel_aligned_full,NREL 对齐后的完整 CSV（_seq 切割前）,21127773,245472,1,/ve-remi-dmz-dmz-sh-nas01/data/de_group/ghz_11401/data/wind_timeseries/aligned_15min/nrel/segments/NREL_WTK_site39241_Kansas-Chase_class2_16MW_2007-2013.csv
NREL_WTK_site39992_Virginia-Roanoke_class2_14MW_2007-2013,nrel,/ve-remi-dmz-dmz-sh-nas01/data/de_group/ghz_11401/data/wind_timeseries/aligned_15min/nrel/segments/NREL_WTK_site39992_Virginia-Roanoke_class2_14MW_2007-2013.csv,True,nrel_aligned_full,NREL 对齐后的完整 CSV（_seq 切割前）,21870465,245472,1,/ve-remi-dmz-dmz-sh-nas01/data/de_group/ghz_11401/data/wind_timeseries/aligned_15min/nrel/segments/NREL_WTK_site39992_Virginia-Roanoke_class2_14MW_2007-2013.csv
NREL_WTK_site41012_Offshore-Virginia_offshore_16MW_2007-2013,nrel,/ve-remi-dmz-dmz-sh-nas01/data/de_group/ghz_11401/data/wind_timeseries/aligned_15min/nrel/segments/NREL_WTK_site41012_Offshore-Virginia_offshore_16MW_2007-2013.csv,True,nrel_aligned_full,NREL 对齐后的完整 CSV（_seq 切割前）,22756746,245472,1,/ve-remi-dmz-dmz-sh-nas01/data/de_group/ghz_11401/data/wind_timeseries/aligned_15min/nrel/segments/NREL_WTK_site41012_Offshore-Virginia_offshore_16MW_2007-2013.csv
NREL_WTK_site43337_Kansas-Gove_class2_16MW_2007-2013,nrel,/ve-remi-dmz-dmz-sh-nas01/data/de_group/ghz_11401/data/wind_timeseries/aligned_15min/nrel/segments/NREL_WTK_site43337_Kansas-Gove_class2_16MW_2007-2013.csv,True,nrel_aligned_full,NREL 对齐后的完整 CSV（_seq 切割前）,21252616,245472,1,/ve-remi-dmz-dmz-sh-nas01/data/de_group/ghz_11401/data/wind_timeseries/aligned_15min/nrel/segments/NREL_WTK_site43337_Kansas-Gove_class2_16MW_2007-2013.csv
NREL_WTK_site44258_Colorado-ElPaso_class2_16MW_2007-2013,nrel,/ve-remi-dmz-dmz-sh-nas01/data/de_group/ghz_11401/data/wind_timeseries/aligned_15min/nrel/segments/NREL_WTK_site44258_Colorado-ElPaso_class2_16MW_2007-2013.csv,True,nrel_aligned_full,NREL 对齐后的完整 CSV（_seq 切割前）,21905822,245472,1,/ve-remi-dmz-dmz-sh-nas01/data/de_group/ghz_11401/data/wind_timeseries/aligned_15min/nrel/segments/NREL_WTK_site44258_Colorado-ElPaso_class2_16MW_2007-2013.csv
NREL_WTK_site44404_Utah-Wayne_class1_2MW_2007-2013,nrel,/ve-remi-dmz-dmz-sh-nas01/data/de_group/ghz_11401/data/wind_timeseries/aligned_15min/nrel/segments/NREL_WTK_site44404_Utah-Wayne_class1_2MW_2007-2013.csv,True,nrel_aligned_full,NREL 对齐后的完整 CSV（_seq 切割前）,20692715,245472,1,/ve-remi-dmz-dmz-sh-nas01/data/de_group/ghz_11401/data/wind_timeseries/aligned_15min/nrel/segments/NREL_WTK_site44404_Utah-Wayne_class1_2MW_2007-2013.csv
NREL_WTK_site4477_Louisiana-Plaquemines_class2_16MW_2007-2013,nrel,/ve-remi-dmz-dmz-sh-nas01/data/de_group/ghz_11401/data/wind_timeseries/aligned_15min/nrel/segments/NREL_WTK_site4477_Louisiana-Plaquemines_class2_16MW_2007-2013.csv,True,nrel_aligned_full,NREL 对齐后的完整 CSV（_seq 切割前）,23055566,245472,1,/ve-remi-dmz-dmz-sh-nas01/data/de_group/ghz_11401/data/wind_timeseries/aligned_15min/nrel/segments/NREL_WTK_site4477_Louisiana-Plaquemines_class2_16MW_2007-2013.csv
NREL_WTK_site48642_Nevada-Lincoln_class2_14MW_2007-2013,nrel,/ve-remi-dmz-dmz-sh-nas01/data/de_group/ghz_11401/data/wind_timeseries/aligned_15min/nrel/segments/NREL_WTK_site48642_Nevada-Lincoln_class2_14MW_2007-2013.csv,True,nrel_aligned_full,NREL 对齐后的完整 CSV（_seq 切割前）,21461235,245472,1,/ve-remi-dmz-dmz-sh-nas01/data/de_group/ghz_11401/data/wind_timeseries/aligned_15min/nrel/segments/NREL_WTK_site48642_Nevada-Lincoln_class2_14MW_2007-2013.csv
NREL_WTK_site48998_WestVirginia-Randolph_class3_10MW_2007-2013,nrel,/ve-remi-dmz-dmz-sh-nas01/data/de_group/ghz_11401/data/wind_timeseries/aligned_15min/nrel/segments/NREL_WTK_site48998_WestVirginia-Randolph_class3_10MW_2007-2013.csv,True,nrel_aligned_full,NREL 对齐后的完整 CSV（_seq 切割前）,22760731,245472,1,/ve-remi-dmz-dmz-sh-nas01/data/de_group/ghz_11401/data/wind_timeseries/aligned_15min/nrel/segments/NREL_WTK_site48998_WestVirginia-Randolph_class3_10MW_2007-2013.csv
NREL_WTK_site49033_Utah-Millard_class2_10MW_2007-2013,nrel,/ve-remi-dmz-dmz-sh-nas01/data/de_group/ghz_11401/data/wind_timeseries/aligned_15min/nrel/segments/NREL_WTK_site49033_Utah-Millard_class2_10MW_2007-2013.csv,True,nrel_aligned_full,NREL 对齐后的完整 CSV（_seq 切割前）,21124738,245472,1,/ve-remi-dmz-dmz-sh-nas01/data/de_group/ghz_11401/data/wind_timeseries/aligned_15min/nrel/segments/NREL_WTK_site49033_Utah-Millard_class2_10MW_2007-2013.csv
NREL_WTK_site50527_WestVirginia-Grant_class1_4MW_2007-2013,nrel,/ve-remi-dmz-dmz-sh-nas01/data/de_group/ghz_11401/data/wind_timeseries/aligned_15min/nrel/segments/NREL_WTK_site50527_WestVirginia-Grant_class1_4MW_2007-2013.csv,True,nrel_aligned_full,NREL 对齐后的完整 CSV（_seq 切割前）,22225810,245472,1,/ve-remi-dmz-dmz-sh-nas01/data/de_group/ghz_11401/data/wind_timeseries/aligned_15min/nrel/segments/NREL_WTK_site50527_WestVirginia-Grant_class1_4MW_2007-2013.csv
NREL_WTK_site51774_Missouri-Putnam_class3_12MW_2007-2013,nrel,/ve-remi-dmz-dmz-sh-nas01/data/de_group/ghz_11401/data/wind_timeseries/aligned_15min/nrel/segments/NREL_WTK_site51774_Missouri-Putnam_class3_12MW_2007-2013.csv,True,nrel_aligned_full,NREL 对齐后的完整 CSV（_seq 切割前）,21753898,245472,1,/ve-remi-dmz-dmz-sh-nas01/data/de_group/ghz_11401/data/wind_timeseries/aligned_15min/nrel/segments/NREL_WTK_site51774_Missouri-Putnam_class3_12MW_2007-2013.csv
NREL_WTK_site51833_Indiana-Boone_class3_16MW_2007-2013,nrel,/ve-remi-dmz-dmz-sh-nas01/data/de_group/ghz_11401/data/wind_timeseries/aligned_15min/nrel/segments/NREL_WTK_site51833_Indiana-Boone_class3_16MW_2007-2013.csv,True,nrel_aligned_full,NREL 对齐后的完整 CSV（_seq 切割前）,21364095,245472,1,/ve-remi-dmz-dmz-sh-nas01/data/de_group/ghz_11401/data/wind_timeseries/aligned_15min/nrel/segments/NREL_WTK_site51833_Indiana-Boone_class3_16MW_2007-2013.csv
NREL_WTK_site54272_Maryland-Garrett_class2_16MW_2007-2013,nrel,/ve-remi-dmz-dmz-sh-nas01/data/de_group/ghz_11401/data/wind_timeseries/aligned_15min/nrel/segments/NREL_WTK_site54272_Maryland-Garrett_class2_16MW_2007-2013.csv,True,nrel_aligned_full,NREL 对齐后的完整 CSV（_seq 切割前）,21909118,245472,1,/ve-remi-dmz-dmz-sh-nas01/data/de_group/ghz_11401/data/wind_timeseries/aligned_15min/nrel/segments/NREL_WTK_site54272_Maryland-Garrett_class2_16MW_2007-2013.csv
NREL_WTK_site55701_Delaware-Sussex_class3_16MW_2007-2013,nrel,/ve-remi-dmz-dmz-sh-nas01/data/de_group/ghz_11401/data/wind_timeseries/aligned_15min/nrel/segments/NREL_WTK_site55701_Delaware-Sussex_class3_16MW_2007-2013.csv,True,nrel_aligned_full,NREL 对齐后的完整 CSV（_seq 切割前）,21976908,245472,1,/ve-remi-dmz-dmz-sh-nas01/data/de_group/ghz_11401/data/wind_timeseries/aligned_15min/nrel/segments/NREL_WTK_site55701_Delaware-Sussex_class3_16MW_2007-2013.csv
NREL_WTK_site58040_Maryland-Garrett_class1_2MW_2007-2013,nrel,/ve-remi-dmz-dmz-sh-nas01/data/de_group/ghz_11401/data/wind_timeseries/aligned_15min/nrel/segments/NREL_WTK_site58040_Maryland-Garrett_class1_2MW_2007-2013.csv,True,nrel_aligned_full,NREL 对齐后的完整 CSV（_seq 切割前）,21828827,245472,1,/ve-remi-dmz-dmz-sh-nas01/data/de_group/ghz_11401/data/wind_timeseries/aligned_15min/nrel/segments/NREL_WTK_site58040_Maryland-Garrett_class1_2MW_2007-2013.csv
NREL_WTK_site58_Offshore-Gulf-TX_offshore_16MW_2007-2013,nrel,/ve-remi-dmz-dmz-sh-nas01/data/de_group/ghz_11401/data/wind_timeseries/aligned_15min/nrel/segments/NREL_WTK_site58_Offshore-Gulf-TX_offshore_16MW_2007-2013.csv,True,nrel_aligned_full,NREL 对齐后的完整 CSV（_seq 切割前）,21925516,245472,1,/ve-remi-dmz-dmz-sh-nas01/data/de_group/ghz_11401/data/wind_timeseries/aligned_15min/nrel/segments/NREL_WTK_site58_Offshore-Gulf-TX_offshore_16MW_2007-2013.csv
NREL_WTK_site62251_Pennsylvania-Somerset_class1_10MW_2007-2013,nrel,/ve-remi-dmz-dmz-sh-nas01/data/de_group/ghz_11401/data/wind_timeseries/aligned_15min/nrel/segments/NREL_WTK_site62251_Pennsylvania-Somerset_class1_10MW_2007-2013.csv,True,nrel_aligned_full,NREL 对齐后的完整 CSV（_seq 切割前）,23697595,245472,1,/ve-remi-dmz-dmz-sh-nas01/data/de_group/ghz_11401/data/wind_timeseries/aligned_15min/nrel/segments/NREL_WTK_site62251_Pennsylvania-Somerset_class1_10MW_2007-2013.csv
NREL_WTK_site65866_Nebraska-Banner_class1_12MW_2007-2013,nrel,/ve-remi-dmz-dmz-sh-nas01/data/de_group/ghz_11401/data/wind_timeseries/aligned_15min/nrel/segments/NREL_WTK_site65866_Nebraska-Banner_class1_12MW_2007-2013.csv,True,nrel_aligned_full,NREL 对齐后的完整 CSV（_seq 切割前）,21926821,245472,1,/ve-remi-dmz-dmz-sh-nas01/data/de_group/ghz_11401/data/wind_timeseries/aligned_15min/nrel/segments/NREL_WTK_site65866_Nebraska-Banner_class1_12MW_2007-2013.csv
NREL_WTK_site66923_Iowa-Audubon_class2_16MW_2007-2013,nrel,/ve-remi-dmz-dmz-sh-nas01/data/de_group/ghz_11401/data/wind_timeseries/aligned_15min/nrel/segments/NREL_WTK_site66923_Iowa-Audubon_class2_16MW_2007-2013.csv,True,nrel_aligned_full,NREL 对齐后的完整 CSV（_seq 切割前）,21156732,245472,1,/ve-remi-dmz-dmz-sh-nas01/data/de_group/ghz_11401/data/wind_timeseries/aligned_15min/nrel/segments/NREL_WTK_site66923_Iowa-Audubon_class2_16MW_2007-2013.csv
NREL_WTK_site67407_Nebraska-Hooker_class2_16MW_2007-2013,nrel,/ve-remi-dmz-dmz-sh-nas01/data/de_group/ghz_11401/data/wind_timeseries/aligned_15min/nrel/segments/NREL_WTK_site67407_Nebraska-Hooker_class2_16MW_2007-2013.csv,True,nrel_aligned_full,NREL 对齐后的完整 CSV（_seq 切割前）,21778806,245472,1,/ve-remi-dmz-dmz-sh-nas01/data/de_group/ghz_11401/data/wind_timeseries/aligned_15min/nrel/segments/NREL_WTK_site67407_Nebraska-Hooker_class2_16MW_2007-2013.csv
NREL_WTK_site67639_Wyoming-Laramie_class1_10MW_2007-2013,nrel,/ve-remi-dmz-dmz-sh-nas01/data/de_group/ghz_11401/data/wind_timeseries/aligned_15min/nrel/segments/NREL_WTK_site67639_Wyoming-Laramie_class1_10MW_2007-2013.csv,True,nrel_aligned_full,NREL 对齐后的完整 CSV（_seq 切割前）,22060001,245472,1,/ve-remi-dmz-dmz-sh-nas01/data/de_group/ghz_11401/data/wind_timeseries/aligned_15min/nrel/segments/NREL_WTK_site67639_Wyoming-Laramie_class1_10MW_2007-2013.csv
NREL_WTK_site67857_Ohio-Columbiana_class3_16MW_2007-2013,nrel,/ve-remi-dmz-dmz-sh-nas01/data/de_group/ghz_11401/data/wind_timeseries/aligned_15min/nrel/segments/NREL_WTK_site67857_Ohio-Columbiana_class3_16MW_2007-2013.csv,True,nrel_aligned_full,NREL 对齐后的完整 CSV（_seq 切割前）,21727458,245472,1,/ve-remi-dmz-dmz-sh-nas01/data/de_group/ghz_11401/data/wind_timeseries/aligned_15min/nrel/segments/NREL_WTK_site67857_Ohio-Columbiana_class3_16MW_2007-2013.csv
NREL_WTK_site69733_NewJersey-Ocean_class2_6MW_2007-2013,nrel,/ve-remi-dmz-dmz-sh-nas01/data/de_group/ghz_11401/data/wind_timeseries/aligned_15min/nrel/segments/NREL_WTK_site69733_NewJersey-Ocean_class2_6MW_2007-2013.csv,True,nrel_aligned_full,NREL 对齐后的完整 CSV（_seq 切割前）,21809312,245472,1,/ve-remi-dmz-dmz-sh-nas01/data/de_group/ghz_11401/data/wind_timeseries/aligned_15min/nrel/segments/NREL_WTK_site69733_NewJersey-Ocean_class2_6MW_2007-2013.csv
NREL_WTK_site73739_Wyoming-Albany_class1_16MW_2007-2013,nrel,/ve-remi-dmz-dmz-sh-nas01/data/de_group/ghz_11401/data/wind_timeseries/aligned_15min/nrel/segments/NREL_WTK_site73739_Wyoming-Albany_class1_16MW_2007-2013.csv,True,nrel_aligned_full,NREL 对齐后的完整 CSV（_seq 切割前）,22026268,245472,1,/ve-remi-dmz-dmz-sh-nas01/data/de_group/ghz_11401/data/wind_timeseries/aligned_15min/nrel/segments/NREL_WTK_site73739_Wyoming-Albany_class1_16MW_2007-2013.csv
NREL_WTK_site77482_Illinois-McHenry_class2_16MW_2007-2013,nrel,/ve-remi-dmz-dmz-sh-nas01/data/de_group/ghz_11401/data/wind_timeseries/aligned_15min/nrel/segments/NREL_WTK_site77482_Illinois-McHenry_class2_16MW_2007-2013.csv,True,nrel_aligned_full,NREL 对齐后的完整 CSV（_seq 切割前）,22157847,245472,1,/ve-remi-dmz-dmz-sh-nas01/data/de_group/ghz_11401/data/wind_timeseries/aligned_15min/nrel/segments/NREL_WTK_site77482_Illinois-McHenry_class2_16MW_2007-2013.csv
NREL_WTK_site78083_Wyoming-Carbon_class1_16MW_2007-2013,nrel,/ve-remi-dmz-dmz-sh-nas01/data/de_group/ghz_11401/data/wind_timeseries/aligned_15min/nrel/segments/NREL_WTK_site78083_Wyoming-Carbon_class1_16MW_2007-2013.csv,True,nrel_aligned_full,NREL 对齐后的完整 CSV（_seq 切割前）,22017388,245472,1,/ve-remi-dmz-dmz-sh-nas01/data/de_group/ghz_11401/data/wind_timeseries/aligned_15min/nrel/segments/NREL_WTK_site78083_Wyoming-Carbon_class1_16MW_2007-2013.csv
NREL_WTK_site80743_Offshore-LakeErie-OH_offshore_16MW_2007-2013,nrel,/ve-remi-dmz-dmz-sh-nas01/data/de_group/ghz_11401/data/wind_timeseries/aligned_15min/nrel/segments/NREL_WTK_site80743_Offshore-LakeErie-OH_offshore_16MW_2007-2013.csv,True,nrel_aligned_full,NREL 对齐后的完整 CSV（_seq 切割前）,23558437,245472,1,/ve-remi-dmz-dmz-sh-nas01/data/de_group/ghz_11401/data/wind_timeseries/aligned_15min/nrel/segments/NREL_WTK_site80743_Offshore-LakeErie-OH_offshore_16MW_2007-2013.csv
NREL_WTK_site80793_Wyoming-Fremont_class2_16MW_2007-2013,nrel,/ve-remi-dmz-dmz-sh-nas01/data/de_group/ghz_11401/data/wind_timeseries/aligned_15min/nrel/segments/NREL_WTK_site80793_Wyoming-Fremont_class2_16MW_2007-2013.csv,True,nrel_aligned_full,NREL 对齐后的完整 CSV（_seq 切割前）,22266720,245472,1,/ve-remi-dmz-dmz-sh-nas01/data/de_group/ghz_11401/data/wind_timeseries/aligned_15min/nrel/segments/NREL_WTK_site80793_Wyoming-Fremont_class2_16MW_2007-2013.csv
NREL_WTK_site8095_Texas-Pecos_class1_12MW_2007-2013,nrel,/ve-remi-dmz-dmz-sh-nas01/data/de_group/ghz_11401/data/wind_timeseries/aligned_15min/nrel/segments/NREL_WTK_site8095_Texas-Pecos_class1_12MW_2007-2013.csv,True,nrel_aligned_full,NREL 对齐后的完整 CSV（_seq 切割前）,20614527,245472,1,/ve-remi-dmz-dmz-sh-nas01/data/de_group/ghz_11401/data/wind_timeseries/aligned_15min/nrel/segments/NREL_WTK_site8095_Texas-Pecos_class1_12MW_2007-2013.csv
NREL_WTK_site8181_Texas-Pecos_class2_16MW_2007-2013,nrel,/ve-remi-dmz-dmz-sh-nas01/data/de_group/ghz_11401/data/wind_timeseries/aligned_15min/nrel/segments/NREL_WTK_site8181_Texas-Pecos_class2_16MW_2007-2013.csv,True,nrel_aligned_full,NREL 对齐后的完整 CSV（_seq 切割前）,21072557,245472,1,/ve-remi-dmz-dmz-sh-nas01/data/de_group/ghz_11401/data/wind_timeseries/aligned_15min/nrel/segments/NREL_WTK_site8181_Texas-Pecos_class2_16MW_2007-2013.csv
NREL_WTK_site81893_Offshore-LakeErie_offshore_16MW_2007-2013,nrel,/ve-remi-dmz-dmz-sh-nas01/data/de_group/ghz_11401/data/wind_timeseries/aligned_15min/nrel/segments/NREL_WTK_site81893_Offshore-LakeErie_offshore_16MW_2007-2013.csv,True,nrel_aligned_full,NREL 对齐后的完整 CSV（_seq 切割前）,22653966,245472,1,/ve-remi-dmz-dmz-sh-nas01/data/de_group/ghz_11401/data/wind_timeseries/aligned_15min/nrel/segments/NREL_WTK_site81893_Offshore-LakeErie_offshore_16MW_2007-2013.csv
NREL_WTK_site82617_Pennsylvania-McKean_class3_16MW_2007-2013,nrel,/ve-remi-dmz-dmz-sh-nas01/data/de_group/ghz_11401/data/wind_timeseries/aligned_15min/nrel/segments/NREL_WTK_site82617_Pennsylvania-McKean_class3_16MW_2007-2013.csv,True,nrel_aligned_full,NREL 对齐后的完整 CSV（_seq 切割前）,22720396,245472,1,/ve-remi-dmz-dmz-sh-nas01/data/de_group/ghz_11401/data/wind_timeseries/aligned_15min/nrel/segments/NREL_WTK_site82617_Pennsylvania-McKean_class3_16MW_2007-2013.csv
NREL_WTK_site89648_Connecticut-Fairfield_class3_6MW_2007-2013,nrel,/ve-remi-dmz-dmz-sh-nas01/data/de_group/ghz_11401/data/wind_timeseries/aligned_15min/nrel/segments/NREL_WTK_site89648_Connecticut-Fairfield_class3_6MW_2007-2013.csv,True,nrel_aligned_full,NREL 对齐后的完整 CSV（_seq 切割前）,22921934,245472,1,/ve-remi-dmz-dmz-sh-nas01/data/de_group/ghz_11401/data/wind_timeseries/aligned_15min/nrel/segments/NREL_WTK_site89648_Connecticut-Fairfield_class3_6MW_2007-2013.csv
NREL_WTK_site90195_Wyoming-Fremont_class1_14MW_2007-2013,nrel,/ve-remi-dmz-dmz-sh-nas01/data/de_group/ghz_11401/data/wind_timeseries/aligned_15min/nrel/segments/NREL_WTK_site90195_Wyoming-Fremont_class1_14MW_2007-2013.csv,True,nrel_aligned_full,NREL 对齐后的完整 CSV（_seq 切割前）,22110080,245472,1,/ve-remi-dmz-dmz-sh-nas01/data/de_group/ghz_11401/data/wind_timeseries/aligned_15min/nrel/segments/NREL_WTK_site90195_Wyoming-Fremont_class1_14MW_2007-2013.csv
NREL_WTK_site90762_Wisconsin-Washington_class3_10MW_2007-2013,nrel,/ve-remi-dmz-dmz-sh-nas01/data/de_group/ghz_11401/data/wind_timeseries/aligned_15min/nrel/segments/NREL_WTK_site90762_Wisconsin-Washington_class3_10MW_2007-2013.csv,True,nrel_aligned_full,NREL 对齐后的完整 CSV（_seq 切割前）,23250423,245472,1,/ve-remi-dmz-dmz-sh-nas01/data/de_group/ghz_11401/data/wind_timeseries/aligned_15min/nrel/segments/NREL_WTK_site90762_Wisconsin-Washington_class3_10MW_2007-2013.csv
NREL_WTK_site91916_Idaho-TwinFalls_class2_16MW_2007-2013,nrel,/ve-remi-dmz-dmz-sh-nas01/data/de_group/ghz_11401/data/wind_timeseries/aligned_15min/nrel/segments/NREL_WTK_site91916_Idaho-TwinFalls_class2_16MW_2007-2013.csv,True,nrel_aligned_full,NREL 对齐后的完整 CSV（_seq 切割前）,21689886,245472,1,/ve-remi-dmz-dmz-sh-nas01/data/de_group/ghz_11401/data/wind_timeseries/aligned_15min/nrel/segments/NREL_WTK_site91916_Idaho-TwinFalls_class2_16MW_2007-2013.csv
NREL_WTK_site92712_Wyoming-Fremont_class1_8MW_2007-2013,nrel,/ve-remi-dmz-dmz-sh-nas01/data/de_group/ghz_11401/data/wind_timeseries/aligned_15min/nrel/segments/NREL_WTK_site92712_Wyoming-Fremont_class1_8MW_2007-2013.csv,True,nrel_aligned_full,NREL 对齐后的完整 CSV（_seq 切割前）,21739531,245472,1,/ve-remi-dmz-dmz-sh-nas01/data/de_group/ghz_11401/data/wind_timeseries/aligned_15min/nrel/segments/NREL_WTK_site92712_Wyoming-Fremont_class1_8MW_2007-2013.csv
NREL_WTK_site9438_Mississippi-Simpson_class3_16MW_2007-2013,nrel,/ve-remi-dmz-dmz-sh-nas01/data/de_group/ghz_11401/data/wind_timeseries/aligned_15min/nrel/segments/NREL_WTK_site9438_Mississippi-Simpson_class3_16MW_2007-2013.csv,True,nrel_aligned_full,NREL 对齐后的完整 CSV（_seq 切割前）,22602356,245472,1,/ve-remi-dmz-dmz-sh-nas01/data/de_group/ghz_11401/data/wind_timeseries/aligned_15min/nrel/segments/NREL_WTK_site9438_Mississippi-Simpson_class3_16MW_2007-2013.csv
NREL_WTK_site96777_Offshore-NewEngland_offshore_16MW_2007-2013,nrel,/ve-remi-dmz-dmz-sh-nas01/data/de_group/ghz_11401/data/wind_timeseries/aligned_15min/nrel/segments/NREL_WTK_site96777_Offshore-NewEngland_offshore_16MW_2007-2013.csv,True,nrel_aligned_full,NREL 对齐后的完整 CSV（_seq 切割前）,23270598,245472,1,/ve-remi-dmz-dmz-sh-nas01/data/de_group/ghz_11401/data/wind_timeseries/aligned_15min/nrel/segments/NREL_WTK_site96777_Offshore-NewEngland_offshore_16MW_2007-2013.csv
NREL_WTK_site97066_Offshore-Nantucket-MA_offshore_16MW_2007-2013,nrel,/ve-remi-dmz-dmz-sh-nas01/data/de_group/ghz_11401/data/wind_timeseries/aligned_15min/nrel/segments/NREL_WTK_site97066_Offshore-Nantucket-MA_offshore_16MW_2007-2013.csv,True,nrel_aligned_full,NREL 对齐后的完整 CSV（_seq 切割前）,23274071,245472,1,/ve-remi-dmz-dmz-sh-nas01/data/de_group/ghz_11401/data/wind_timeseries/aligned_15min/nrel/segments/NREL_WTK_site97066_Offshore-Nantucket-MA_offshore_16MW_2007-2013.csv
NREL_WTK_site97524_Michigan-Sanilac_class3_16MW_2007-2013,nrel,/ve-remi-dmz-dmz-sh-nas01/data/de_group/ghz_11401/data/wind_timeseries/aligned_15min/nrel/segments/NREL_WTK_site97524_Michigan-Sanilac_class3_16MW_2007-2013.csv,True,nrel_aligned_full,NREL 对齐后的完整 CSV（_seq 切割前）,22334727,245472,1,/ve-remi-dmz-dmz-sh-nas01/data/de_group/ghz_11401/data/wind_timeseries/aligned_15min/nrel/segments/NREL_WTK_site97524_Michigan-Sanilac_class3_16MW_2007-2013.csv
NREL_WTK_site98600_RhodeIsland-Kent_class3_16MW_2007-2013,nrel,/ve-remi-dmz-dmz-sh-nas01/data/de_group/ghz_11401/data/wind_timeseries/aligned_15min/nrel/segments/NREL_WTK_site98600_RhodeIsland-Kent_class3_16MW_2007-2013.csv,True,nrel_aligned_full,NREL 对齐后的完整 CSV（_seq 切割前）,21913330,245472,1,/ve-remi-dmz-dmz-sh-nas01/data/de_group/ghz_11401/data/wind_timeseries/aligned_15min/nrel/segments/NREL_WTK_site98600_RhodeIsland-Kent_class3_16MW_2007-2013.csv
Roedsand 1,entsoe,/ve-remi-dmz-dmz-sh-nas01/data/de_group/ghz_11401/data/wind_timeseries/aligned_15min/entsoe/full/Roedsand 1.csv,True,entsoe_full,aligned 未切割全序列,17684338,100963,11,/ve-remi-dmz-dmz-sh-nas01/data/de_group/ghz_11401/data/wind_timeseries/aligned_15min/entsoe/segments/Roedsand 1_seg003.csv
Roedsand 2,entsoe,/ve-remi-dmz-dmz-sh-nas01/data/de_group/ghz_11401/data/wind_timeseries/aligned_15min/entsoe/full/Roedsand 2.csv,True,entsoe_full,aligned 未切割全序列,17873789,101011,10,/ve-remi-dmz-dmz-sh-nas01/data/de_group/ghz_11401/data/wind_timeseries/aligned_15min/entsoe/segments/Roedsand 2_seg003.csv
SNOWNTH1,aemo,/ve-remi-dmz-dmz-sh-nas01/data/de_group/ghz_11401/data/wind_timeseries/aligned_15min/aemo/segments/SNOWNTH1_seg001.csv,True,aemo_seg001_as_full,AEMO 无 full/；n_segments=1 时 seg001 即未切割全序列,1736267,35040,1,/ve-remi-dmz-dmz-sh-nas01/data/de_group/ghz_11401/data/wind_timeseries/aligned_15min/aemo/segments/SNOWNTH1_seg001.csv
SNOWSTH1,aemo,/ve-remi-dmz-dmz-sh-nas01/data/de_group/ghz_11401/data/wind_timeseries/aligned_15min/aemo/segments/SNOWSTH1_seg001.csv,True,aemo_seg001_as_full,AEMO 无 full/；n_segments=1 时 seg001 即未切割全序列,1731378,35040,1,/ve-remi-dmz-dmz-sh-nas01/data/de_group/ghz_11401/data/wind_timeseries/aligned_15min/aemo/segments/SNOWSTH1_seg001.csv
SNOWTWN1,aemo,/ve-remi-dmz-dmz-sh-nas01/data/de_group/ghz_11401/data/wind_timeseries/aligned_15min/aemo/segments/SNOWTWN1_seg001.csv,True,aemo_seg001_as_full,AEMO 无 full/；n_segments=1 时 seg001 即未切割全序列,1725903,35040,1,/ve-remi-dmz-dmz-sh-nas01/data/de_group/ghz_11401/data/wind_timeseries/aligned_15min/aemo/segments/SNOWTWN1_seg001.csv
STARHLWF,aemo,/ve-remi-dmz-dmz-sh-nas01/data/de_group/ghz_11401/data/wind_timeseries/aligned_15min/aemo/segments/STARHLWF_seg001.csv,True,aemo_seg001_as_full,AEMO 无 full/；n_segments=1 时 seg001 即未切割全序列,1758854,35040,1,/ve-remi-dmz-dmz-sh-nas01/data/de_group/ghz_11401/data/wind_timeseries/aligned_15min/aemo/segments/STARHLWF_seg001.csv
Thorntonbank - C-Power - Area NE,entsoe,/ve-remi-dmz-dmz-sh-nas01/data/de_group/ghz_11401/data/wind_timeseries/aligned_15min/entsoe/full/Thorntonbank - C-Power - Area NE.csv,True,entsoe_full,aligned 未切割全序列,26543039,95496,2,/ve-remi-dmz-dmz-sh-nas01/data/de_group/ghz_11401/data/wind_timeseries/aligned_15min/entsoe/segments/Thorntonbank - C-Power - Area NE_seg001.csv
Thorntonbank - C-Power - Area SW,entsoe,/ve-remi-dmz-dmz-sh-nas01/data/de_group/ghz_11401/data/wind_timeseries/aligned_15min/entsoe/full/Thorntonbank - C-Power - Area SW.csv,True,entsoe_full,aligned 未切割全序列,26590649,95519,2,/ve-remi-dmz-dmz-sh-nas01/data/de_group/ghz_11401/data/wind_timeseries/aligned_15min/entsoe/segments/Thorntonbank - C-Power - Area SW_seg001.csv
UP_BDDSLDSRDI_1,entsoe,/ve-remi-dmz-dmz-sh-nas01/data/de_group/ghz_11401/data/wind_timeseries/aligned_15min/entsoe/full/UP_BDDSLDSRDI_1.csv,True,entsoe_full,aligned 未切割全序列,18323186,103114,10,/ve-remi-dmz-dmz-sh-nas01/data/de_group/ghz_11401/data/wind_timeseries/aligned_15min/entsoe/segments/UP_BDDSLDSRDI_1_seg003.csv
WATERLWF,aemo,/ve-remi-dmz-dmz-sh-nas01/data/de_group/ghz_11401/data/wind_timeseries/aligned_15min/aemo/segments/WATERLWF_seg001.csv,True,aemo_seg001_as_full,AEMO 无 full/；n_segments=1 时 seg001 即未切割全序列,1740635,35040,1,/ve-remi-dmz-dmz-sh-nas01/data/de_group/ghz_11401/data/wind_timeseries/aligned_15min/aemo/segments/WATERLWF_seg001.csv
WLNYW-1,entsoe,/ve-remi-dmz-dmz-sh-nas01/data/de_group/ghz_11401/data/wind_timeseries/aligned_15min/entsoe/full/WLNYW-1.csv,True,entsoe_full,aligned 未切割全序列,10155917,85573,117,/ve-remi-dmz-dmz-sh-nas01/data/de_group/ghz_11401/data/wind_timeseries/aligned_15min/entsoe/segments/WLNYW-1_seg109.csv
