dataset_id,farm_name,excel_row,source,site_type,rated_capacity_mw,turbine_count,turbine_group_count,capacity_approximate,is_virtual,in_manifest_131,match_method,capacity_group,reference_model_count,capacity_formula_mw,latitude,longitude,climate,rotor_m_minimum,rotor_m_maximum,rotor_m_weighted_mean,rotor_m_variants,rotor_m_unknown_turbines,blade_m_minimum,blade_m_maximum,blade_m_weighted_mean,blade_m_variants,blade_m_unknown_turbines,hub_m_minimum,hub_m_maximum,hub_m_weighted_mean,hub_m_variants,hub_m_unknown_turbines
NREL_WTK_site119090_Maine-Waldo_class3_16MW_2007-2013,Maine-Waldo_class3,2,nrel_wtk,onshore,16.0,8,1,False,True,True,coordinates,<50 MW,3,8×2,44.5977,-68.8958,"Humid continental climate, warm summer",100.0,114.0,,2,0,48.7,55.5,,3,0,100.0,100.0,100.0,1,0
NREL_WTK_site12172_Alabama-Chambers_class3_16MW_2007-2013,Alabama-Chambers_class3,3,nrel_wtk,onshore,16.0,8,1,False,True,True,coordinates,<50 MW,3,8×2,32.7639,-85.2067,Humid subtropical climate,100.0,114.0,,2,0,48.7,55.5,,3,0,100.0,100.0,100.0,1,0
NREL_WTK_site121764_Washington-Klickitat_class2_16MW_2007-2013,Washington-Klickitat_class2,4,nrel_wtk,onshore,16.0,8,1,False,True,True,coordinates,<50 MW,4,8×2,45.9162,-120.3245,Warm-summer Mediterranean continental climate,82.5,112.0,,4,0,40.0,54.6,,4,0,100.0,100.0,100.0,1,0
NREL_WTK_site122002_Maine-Piscataquis_class3_12MW_2007-2013,Maine-Piscataquis_class3,5,nrel_wtk,onshore,12.0,6,1,False,True,True,coordinates,<50 MW,3,6×2,45.4272,-69.3797,"Humid continental climate, warm summer",100.0,114.0,,2,0,48.7,55.5,,3,0,100.0,100.0,100.0,1,0
NREL_WTK_site126058_Montana-Glacier_class2_2MW_2007-2013,Montana-Glacier_class2,6,nrel_wtk,onshore,2.0,1,1,False,True,True,coordinates,<50 MW,4,1×2,48.7755,-113.4839,Subarctic climate,82.5,112.0,,4,0,40.0,54.6,,4,0,100.0,100.0,100.0,1,0
NREL_WTK_site126185_Montana-Glacier_class1_14MW_2007-2013,Montana-Glacier_class1,7,nrel_wtk,onshore,14.0,7,1,False,True,True,coordinates,<50 MW,4,7×2,48.9027,-113.5268,Subarctic climate,80.0,101.0,,3,0,39.0,49.0,,4,0,100.0,100.0,100.0,1,0
NREL_WTK_site1415_Florida-MiamiDade_class3_16MW_2007-2013,Florida-MiamiDade_class3,8,nrel_wtk,onshore,16.0,8,1,False,True,True,coordinates,<50 MW,3,8×2,25.8253,-80.1631,Tropical monsoon climate,100.0,114.0,,2,0,48.7,55.5,,3,0,100.0,100.0,100.0,1,0
NREL_WTK_site14725_SouthCarolina-Bamberg_class3_16MW_2007-2013,SouthCarolina-Bamberg_class3,9,nrel_wtk,onshore,16.0,8,1,False,True,True,coordinates,<50 MW,3,8×2,33.3444,-81.1779,Humid subtropical climate,100.0,114.0,,2,0,48.7,55.5,,3,0,100.0,100.0,100.0,1,0
NREL_WTK_site15559_California-Imperial_class1_2MW_2007-2013,California-Imperial_class1,10,nrel_wtk,onshore,2.0,1,1,False,True,True,coordinates,<50 MW,4,1×2,32.6461,-116.0851,Cold semi-arid climate,80.0,101.0,,3,0,39.0,49.0,,4,0,100.0,100.0,100.0,1,0
NREL_WTK_site16069_Oklahoma-Comanche_class1_2MW_2007-2013,Oklahoma-Comanche_class1,11,nrel_wtk,onshore,2.0,1,1,False,True,True,coordinates,<50 MW,4,1×2,34.8153,-98.8,Humid subtropical climate,80.0,101.0,,3,0,39.0,49.0,,4,0,100.0,100.0,100.0,1,0
NREL_WTK_site17501_Georgia-Pickens_class3_16MW_2007-2013,Georgia-Pickens_class3,12,nrel_wtk,onshore,16.0,8,1,False,True,True,coordinates,<50 MW,3,8×2,34.4165,-84.5311,Humid subtropical climate,100.0,114.0,,2,0,48.7,55.5,,3,0,100.0,100.0,100.0,1,0
NREL_WTK_site19095_Oklahoma-Grady_class2_16MW_2007-2013,Oklahoma-Grady_class2,13,nrel_wtk,onshore,16.0,8,1,False,True,True,coordinates,<50 MW,4,8×2,35.2962,-97.854,Humid subtropical climate,82.5,112.0,,4,0,40.0,54.6,,4,0,100.0,100.0,100.0,1,0
NREL_WTK_site20092_Arizona-Apache_class3_16MW_2007-2013,Arizona-Apache_class3,14,nrel_wtk,onshore,16.0,8,1,False,True,True,coordinates,<50 MW,3,8×2,34.4974,-109.6858,Cold semi-arid climate,100.0,114.0,,2,0,48.7,55.5,,3,0,100.0,100.0,100.0,1,0
NREL_WTK_site22664_Arkansas-Washington_class3_16MW_2007-2013,Arkansas-Washington_class3,15,nrel_wtk,onshore,16.0,8,1,False,True,True,coordinates,<50 MW,3,8×2,35.8842,-94.1745,Humid subtropical climate,100.0,114.0,,2,0,48.7,55.5,,3,0,100.0,100.0,100.0,1,0
NREL_WTK_site24924_Atlantic-Offshore_16MW_2007-2013,Atlantic-Offshore,16,nrel_wtk,offshore,16.0,8,1,False,True,True,coordinates,<50 MW,3,8×2,34.3099,-76.5849,Humid subtropical climate,107.0,126.0,,3,0,52.0,61.5,,3,0,100.0,100.0,100.0,1,0
NREL_WTK_site26558_Oklahoma-Ellis_class2_16MW_2007-2013,Oklahoma-Ellis_class2,17,nrel_wtk,onshore,16.0,8,1,False,True,True,coordinates,<50 MW,4,8×2,36.4884,-99.8581,Humid subtropical climate,82.5,112.0,,4,0,40.0,54.6,,4,0,100.0,100.0,100.0,1,0
NREL_WTK_site27707_Offshore-Pacific-CA_offshore_16MW_2007-2013,Offshore-Pacific-CA_offshore,18,nrel_wtk,offshore,16.0,8,1,False,True,True,coordinates,<50 MW,3,8×2,33.6731,-120.2107,Warm-summer Mediterranean climate,107.0,126.0,,3,0,52.0,61.5,,3,0,100.0,100.0,100.0,1,0
NREL_WTK_site29477_NorthCarolina-Carteret_class2_16MW_2007-2013,NorthCarolina-Carteret_class2,19,nrel_wtk,onshore,16.0,8,1,False,True,True,coordinates,<50 MW,4,8×2,34.936,-76.4188,Humid subtropical climate,82.5,112.0,,4,0,40.0,54.6,,4,0,100.0,100.0,100.0,1,0
NREL_WTK_site29715_Tennessee-Campbell_class3_8MW_2007-2013,Tennessee-Campbell_class3,20,nrel_wtk,onshore,8.0,4,1,False,True,True,coordinates,<50 MW,3,4×2,36.2367,-84.2508,"Humid continental climate, warm summer",100.0,114.0,,2,0,48.7,55.5,,3,0,100.0,100.0,100.0,1,0
NREL_WTK_site3044_Offshore-Gulf-LA_offshore_16MW_2007-2013,Offshore-Gulf-LA_offshore,21,nrel_wtk,offshore,16.0,8,1,False,True,True,coordinates,<50 MW,3,8×2,28.6101,-90.9365,Humid subtropical climate,107.0,126.0,,3,0,52.0,61.5,,3,0,100.0,100.0,100.0,1,0
NREL_WTK_site31505_NewMexico-Union_class2_12MW_2007-2013,NewMexico-Union_class2,22,nrel_wtk,onshore,12.0,6,1,False,True,True,coordinates,<50 MW,4,6×2,36.8763,-103.4367,Cold semi-arid climate,82.5,112.0,,4,0,40.0,54.6,,4,0,100.0,100.0,100.0,1,0
NREL_WTK_site33345_California-SanBernardino_class2_16MW_2007-2013,California-SanBernardino_class2,23,nrel_wtk,onshore,16.0,8,1,False,True,True,coordinates,<50 MW,4,8×2,35.1982,-116.9362,Cold desert climate,82.5,112.0,,4,0,40.0,54.6,,4,0,100.0,100.0,100.0,1,0
NREL_WTK_site34260_Offshore-NC-OuterBanks_offshore_16MW_2007-2013,Offshore-NC-OuterBanks_offshore,24,nrel_wtk,offshore,16.0,8,1,False,True,True,coordinates,<50 MW,3,8×2,35.3293,-75.2303,Humid subtropical climate,107.0,126.0,,3,0,52.0,61.5,,3,0,100.0,100.0,100.0,1,0
NREL_WTK_site34947_Kansas-Kiowa_class1_2MW_2007-2013,Kansas-Kiowa_class1,25,nrel_wtk,onshore,2.0,1,1,False,True,True,coordinates,<50 MW,4,1×2,37.536,-99.4561,"Humid continental climate, hot summer",80.0,101.0,,3,0,39.0,49.0,,4,0,100.0,100.0,100.0,1,0
NREL_WTK_site38019_Virginia-Patrick_class1_4MW_2007-2013,Virginia-Patrick_class1,26,nrel_wtk,onshore,4.0,2,1,False,True,True,coordinates,<50 MW,4,2×2,36.7959,-80.3425,Humid subtropical climate,80.0,101.0,,3,0,39.0,49.0,,4,0,100.0,100.0,100.0,1,0
NREL_WTK_site38405_Kansas-Hodgeman_class2_6MW_2007-2013,Kansas-Hodgeman_class2,27,nrel_wtk,onshore,6.0,3,1,False,True,True,coordinates,<50 MW,4,3×2,38.029,-99.6239,"Humid continental climate, hot summer",82.5,112.0,,4,0,40.0,54.6,,4,0,100.0,100.0,100.0,1,0
NREL_WTK_site39062_Kentucky-Madison_class3_16MW_2007-2013,Kentucky-Madison_class3,28,nrel_wtk,onshore,16.0,8,1,False,True,True,coordinates,<50 MW,3,8×2,37.5263,-84.2923,Humid subtropical climate,100.0,114.0,,2,0,48.7,55.5,,3,0,100.0,100.0,100.0,1,0
NREL_WTK_site39241_Kansas-Chase_class2_16MW_2007-2013,Kansas-Chase_class2,29,nrel_wtk,onshore,16.0,8,1,False,True,True,coordinates,<50 MW,4,8×2,38.2396,-96.5999,"Humid continental climate, hot summer",82.5,112.0,,4,0,40.0,54.6,,4,0,100.0,100.0,100.0,1,0
NREL_WTK_site39992_Virginia-Roanoke_class2_14MW_2007-2013,Virginia-Roanoke_class2,30,nrel_wtk,onshore,14.0,7,1,False,True,True,coordinates,<50 MW,4,7×2,37.1681,-80.0848,"Humid continental climate, hot summer",82.5,112.0,,4,0,40.0,54.6,,4,0,100.0,100.0,100.0,1,0
NREL_WTK_site41012_Offshore-Virginia_offshore_16MW_2007-2013,Offshore-Virginia_offshore,31,nrel_wtk,offshore,16.0,8,1,False,True,True,coordinates,<50 MW,3,8×2,36.5721,-75.6248,Humid subtropical climate,107.0,126.0,,3,0,52.0,61.5,,3,0,100.0,100.0,100.0,1,0
NREL_WTK_site43337_Kansas-Gove_class2_16MW_2007-2013,Kansas-Gove_class2,32,nrel_wtk,onshore,16.0,8,1,False,True,True,coordinates,<50 MW,4,8×2,39.0452,-100.1605,"Humid continental climate, hot summer",82.5,112.0,,4,0,40.0,54.6,,4,0,100.0,100.0,100.0,1,0
NREL_WTK_site44258_Colorado-ElPaso_class2_16MW_2007-2013,Colorado-ElPaso_class2,33,nrel_wtk,onshore,16.0,8,1,False,True,True,coordinates,<50 MW,4,8×2,38.9906,-104.1693,Cold semi-arid climate,82.5,112.0,,4,0,40.0,54.6,,4,0,100.0,100.0,100.0,1,0
NREL_WTK_site44404_Utah-Wayne_class1_2MW_2007-2013,Utah-Wayne_class1,34,nrel_wtk,onshore,2.0,1,1,False,True,True,coordinates,<50 MW,4,1×2,38.181,-111.456,Subarctic climate,80.0,101.0,,3,0,39.0,49.0,,4,0,100.0,100.0,100.0,1,0
NREL_WTK_site4477_Louisiana-Plaquemines_class2_16MW_2007-2013,Louisiana-Plaquemines_class2,35,nrel_wtk,onshore,16.0,8,1,False,True,True,coordinates,<50 MW,4,8×2,29.1085,-89.214,Humid subtropical climate,82.5,112.0,,4,0,40.0,54.6,,4,0,100.0,100.0,100.0,1,0
NREL_WTK_site48642_Nevada-Lincoln_class2_14MW_2007-2013,Nevada-Lincoln_class2,36,nrel_wtk,onshore,14.0,7,1,False,True,True,coordinates,<50 MW,4,7×2,38.4466,-114.3713,Cold semi-arid climate,82.5,112.0,,4,0,40.0,54.6,,4,0,100.0,100.0,100.0,1,0
NREL_WTK_site48998_WestVirginia-Randolph_class3_10MW_2007-2013,WestVirginia-Randolph_class3,37,nrel_wtk,onshore,10.0,5,1,False,True,True,coordinates,<50 MW,3,5×2,38.8659,-79.7416,"Humid continental climate, warm summer",100.0,114.0,,2,0,48.7,55.5,,3,0,100.0,100.0,100.0,1,0
NREL_WTK_site49033_Utah-Millard_class2_10MW_2007-2013,Utah-Millard_class2,38,nrel_wtk,onshore,10.0,5,1,False,True,True,coordinates,<50 MW,4,5×2,38.6018,-113.932,Cold semi-arid climate,82.5,112.0,,4,0,40.0,54.6,,4,0,100.0,100.0,100.0,1,0
NREL_WTK_site50527_WestVirginia-Grant_class1_4MW_2007-2013,WestVirginia-Grant_class1,39,nrel_wtk,onshore,4.0,2,1,False,True,True,coordinates,<50 MW,4,2×2,39.0409,-79.3057,"Humid continental climate, warm summer",80.0,101.0,,3,0,39.0,49.0,,4,0,100.0,100.0,100.0,1,0
NREL_WTK_site51774_Missouri-Putnam_class3_12MW_2007-2013,Missouri-Putnam_class3,40,nrel_wtk,onshore,12.0,6,1,False,True,True,coordinates,<50 MW,3,6×2,40.4954,-93.0103,"Humid continental climate, hot summer",100.0,114.0,,2,0,48.7,55.5,,3,0,100.0,100.0,100.0,1,0
NREL_WTK_site51833_Indiana-Boone_class3_16MW_2007-2013,Indiana-Boone_class3,41,nrel_wtk,onshore,16.0,8,1,False,True,True,coordinates,<50 MW,3,8×2,40.0948,-86.3656,"Humid continental climate, hot summer",100.0,114.0,,2,0,48.7,55.5,,3,0,100.0,100.0,100.0,1,0
NREL_WTK_site54272_Maryland-Garrett_class2_16MW_2007-2013,Maryland-Garrett_class2,42,nrel_wtk,onshore,16.0,8,1,False,True,True,coordinates,<50 MW,4,8×2,39.429,-79.2484,"Humid continental climate, warm summer",82.5,112.0,,4,0,40.0,54.6,,4,0,100.0,100.0,100.0,1,0
NREL_WTK_site55701_Delaware-Sussex_class3_16MW_2007-2013,Delaware-Sussex_class3,43,nrel_wtk,onshore,16.0,8,1,False,True,True,coordinates,<50 MW,3,8×2,38.8437,-75.3551,Humid subtropical climate,100.0,114.0,,2,0,48.7,55.5,,3,0,100.0,100.0,100.0,1,0
NREL_WTK_site58040_Maryland-Garrett_class1_2MW_2007-2013,Maryland-Garrett_class1,44,nrel_wtk,onshore,2.0,1,1,False,True,True,coordinates,<50 MW,4,1×2,39.7162,-78.9227,"Humid continental climate, warm summer",80.0,101.0,,3,0,39.0,49.0,,4,0,100.0,100.0,100.0,1,0
NREL_WTK_site58_Offshore-Gulf-TX_offshore_16MW_2007-2013,Offshore-Gulf-TX_offshore,45,nrel_wtk,offshore,16.0,8,1,False,True,True,coordinates,<50 MW,3,8×2,25.3175,-97.332,Hot semi-arid climate,107.0,126.0,,3,0,52.0,61.5,,3,0,100.0,100.0,100.0,1,0
NREL_WTK_site62251_Pennsylvania-Somerset_class1_10MW_2007-2013,Pennsylvania-Somerset_class1,46,nrel_wtk,onshore,10.0,5,1,False,True,True,coordinates,<50 MW,4,5×2,40.0524,-78.7779,"Humid continental climate, warm summer",80.0,101.0,,3,0,39.0,49.0,,4,0,100.0,100.0,100.0,1,0
NREL_WTK_site65866_Nebraska-Banner_class1_12MW_2007-2013,Nebraska-Banner_class1,47,nrel_wtk,onshore,12.0,6,1,False,True,True,coordinates,<50 MW,4,6×2,41.5128,-103.592,Cold semi-arid climate,80.0,101.0,,3,0,39.0,49.0,,4,0,100.0,100.0,100.0,1,0
NREL_WTK_site66923_Iowa-Audubon_class2_16MW_2007-2013,Iowa-Audubon_class2,48,nrel_wtk,onshore,16.0,8,1,False,True,True,coordinates,<50 MW,4,8×2,41.8526,-95.0891,"Humid continental climate, hot summer",82.5,112.0,,4,0,40.0,54.6,,4,0,100.0,100.0,100.0,1,0
NREL_WTK_site67407_Nebraska-Hooker_class2_16MW_2007-2013,Nebraska-Hooker_class2,49,nrel_wtk,onshore,16.0,8,1,False,True,True,coordinates,<50 MW,4,8×2,41.7749,-101.0502,"Humid continental climate, hot summer",82.5,112.0,,4,0,40.0,54.6,,4,0,100.0,100.0,100.0,1,0
NREL_WTK_site67639_Wyoming-Laramie_class1_10MW_2007-2013,Wyoming-Laramie_class1,50,nrel_wtk,onshore,10.0,5,1,False,True,True,coordinates,<50 MW,4,5×2,41.5156,-105.2143,Cold semi-arid climate,80.0,101.0,,3,0,39.0,49.0,,4,0,100.0,100.0,100.0,1,0
NREL_WTK_site67857_Ohio-Columbiana_class3_16MW_2007-2013,Ohio-Columbiana_class3,51,nrel_wtk,onshore,16.0,8,1,False,True,True,coordinates,<50 MW,3,8×2,40.8591,-81.0505,"Humid continental climate, hot summer",100.0,114.0,,2,0,48.7,55.5,,3,0,100.0,100.0,100.0,1,0
NREL_WTK_site69733_NewJersey-Ocean_class2_6MW_2007-2013,NewJersey-Ocean_class2,52,nrel_wtk,onshore,6.0,3,1,False,True,True,coordinates,<50 MW,4,3×2,39.7739,-74.2105,"Humid continental climate, hot summer",82.5,112.0,,4,0,40.0,54.6,,4,0,100.0,100.0,100.0,1,0
NREL_WTK_site73739_Wyoming-Albany_class1_16MW_2007-2013,Wyoming-Albany_class1,53,nrel_wtk,onshore,16.0,8,1,False,True,True,coordinates,<50 MW,4,8×2,41.9509,-105.5841,Cold semi-arid climate,80.0,101.0,,3,0,39.0,49.0,,4,0,100.0,100.0,100.0,1,0
NREL_WTK_site77482_Illinois-McHenry_class2_16MW_2007-2013,Illinois-McHenry_class2,54,nrel_wtk,onshore,16.0,8,1,False,True,True,coordinates,<50 MW,4,8×2,42.4759,-88.5624,"Humid continental climate, hot summer",82.5,112.0,,4,0,40.0,54.6,,4,0,100.0,100.0,100.0,1,0
NREL_WTK_site78083_Wyoming-Carbon_class1_16MW_2007-2013,Wyoming-Carbon_class1,55,nrel_wtk,onshore,16.0,8,1,False,True,True,coordinates,<50 MW,4,8×2,42.2753,-106.5235,Cold semi-arid climate,80.0,101.0,,3,0,39.0,49.0,,4,0,100.0,100.0,100.0,1,0
NREL_WTK_site80743_Offshore-LakeErie-OH_offshore_16MW_2007-2013,Offshore-LakeErie-OH_offshore,56,nrel_wtk,offshore,16.0,8,1,False,True,True,coordinates,<50 MW,3,8×2,42.0736,-81.6331,"Humid continental climate, hot summer",107.0,126.0,,3,0,52.0,61.5,,3,0,100.0,100.0,100.0,1,0
NREL_WTK_site80793_Wyoming-Fremont_class2_16MW_2007-2013,Wyoming-Fremont_class2,57,nrel_wtk,onshore,16.0,8,1,False,True,True,coordinates,<50 MW,4,8×2,42.3016,-108.7137,Cold semi-arid climate,82.5,112.0,,4,0,40.0,54.6,,4,0,100.0,100.0,100.0,1,0
NREL_WTK_site8095_Texas-Pecos_class1_12MW_2007-2013,Texas-Pecos_class1,58,nrel_wtk,onshore,12.0,6,1,False,True,True,coordinates,<50 MW,4,6×2,30.7794,-102.3827,Hot semi-arid climate,80.0,101.0,,3,0,39.0,49.0,,4,0,100.0,100.0,100.0,1,0
NREL_WTK_site8181_Texas-Pecos_class2_16MW_2007-2013,Texas-Pecos_class2,59,nrel_wtk,onshore,16.0,8,1,False,True,True,coordinates,<50 MW,4,8×2,30.8323,-102.1345,Hot semi-arid climate,82.5,112.0,,4,0,40.0,54.6,,4,0,100.0,100.0,100.0,1,0
NREL_WTK_site81893_Offshore-LakeErie_offshore_16MW_2007-2013,Offshore-LakeErie_offshore,60,nrel_wtk,offshore,16.0,8,1,False,True,True,coordinates,<50 MW,3,8×2,42.1882,-81.7835,"Humid continental climate, hot summer",107.0,126.0,,3,0,52.0,61.5,,3,0,100.0,100.0,100.0,1,0
NREL_WTK_site82617_Pennsylvania-McKean_class3_16MW_2007-2013,Pennsylvania-McKean_class3,61,nrel_wtk,onshore,16.0,8,1,False,True,True,coordinates,<50 MW,3,8×2,41.7645,-78.5564,"Humid continental climate, warm summer",100.0,114.0,,2,0,48.7,55.5,,3,0,100.0,100.0,100.0,1,0
NREL_WTK_site89648_Connecticut-Fairfield_class3_6MW_2007-2013,Connecticut-Fairfield_class3,62,nrel_wtk,onshore,6.0,3,1,False,True,True,coordinates,<50 MW,3,3×2,41.3246,-73.5301,"Humid continental climate, hot summer",100.0,114.0,,2,0,48.7,55.5,,3,0,100.0,100.0,100.0,1,0
NREL_WTK_site90195_Wyoming-Fremont_class1_14MW_2007-2013,Wyoming-Fremont_class1,63,nrel_wtk,onshore,14.0,7,1,False,True,True,coordinates,<50 MW,4,7×2,42.942,-109.1887,Subarctic climate,80.0,101.0,,3,0,39.0,49.0,,4,0,100.0,100.0,100.0,1,0
NREL_WTK_site90762_Wisconsin-Washington_class3_10MW_2007-2013,Wisconsin-Washington_class3,64,nrel_wtk,onshore,10.0,5,1,False,True,True,coordinates,<50 MW,3,5×2,43.5064,-88.3268,"Humid continental climate, warm summer",100.0,114.0,,2,0,48.7,55.5,,3,0,100.0,100.0,100.0,1,0
NREL_WTK_site91916_Idaho-TwinFalls_class2_16MW_2007-2013,Idaho-TwinFalls_class2,65,nrel_wtk,onshore,16.0,8,1,False,True,True,coordinates,<50 MW,4,8×2,42.2922,-114.7111,Cold semi-arid climate,82.5,112.0,,4,0,40.0,54.6,,4,0,100.0,100.0,100.0,1,0
NREL_WTK_site92712_Wyoming-Fremont_class1_8MW_2007-2013,Wyoming-Fremont_class1,66,nrel_wtk,onshore,8.0,4,1,False,True,True,coordinates,<50 MW,4,4×2,43.1591,-109.4193,Tundra climate,80.0,101.0,,3,0,39.0,49.0,,4,0,100.0,100.0,100.0,1,0
NREL_WTK_site9438_Mississippi-Simpson_class3_16MW_2007-2013,Mississippi-Simpson_class3,67,nrel_wtk,onshore,16.0,8,1,False,True,True,coordinates,<50 MW,3,8×2,31.7895,-89.8002,Humid subtropical climate,100.0,114.0,,2,0,48.7,55.5,,3,0,100.0,100.0,100.0,1,0
NREL_WTK_site96777_Offshore-NewEngland_offshore_16MW_2007-2013,Offshore-NewEngland_offshore,68,nrel_wtk,offshore,16.0,8,1,False,True,True,coordinates,<50 MW,3,8×2,41.3548,-71.0343,"Humid continental climate, hot summer",107.0,126.0,,3,0,52.0,61.5,,3,0,100.0,100.0,100.0,1,0
NREL_WTK_site97066_Offshore-Nantucket-MA_offshore_16MW_2007-2013,Offshore-Nantucket-MA_offshore,69,nrel_wtk,offshore,16.0,8,1,False,True,True,coordinates,<50 MW,3,8×2,41.0691,-69.8076,"Humid continental climate, warm summer",107.0,126.0,,3,0,52.0,61.5,,3,0,100.0,100.0,100.0,1,0
NREL_WTK_site97524_Michigan-Sanilac_class3_16MW_2007-2013,Michigan-Sanilac_class3,70,nrel_wtk,onshore,16.0,8,1,False,True,True,coordinates,<50 MW,3,8×2,43.508,-82.6555,"Humid continental climate, warm summer",100.0,114.0,,2,0,48.7,55.5,,3,0,100.0,100.0,100.0,1,0
NREL_WTK_site98600_RhodeIsland-Kent_class3_16MW_2007-2013,RhodeIsland-Kent_class3,71,nrel_wtk,onshore,16.0,8,1,False,True,True,coordinates,<50 MW,3,8×2,41.6198,-71.5724,"Humid continental climate, hot summer",100.0,114.0,,2,0,48.7,55.5,,3,0,100.0,100.0,100.0,1,0
Anholt,Anholt,72,entsoe,offshore,399.6,111,1,False,False,True,exact_name,>150 MW,0,111×3.6,56.6271,11.2491,Temperate oceanic climate,120.0,120.0,120.0,1,0,58.5,58.5,58.5,1,0,81.6,81.6,81.59999999999998,1,0
Belwind Phase 1,Belwind Phase 1,73,entsoe,offshore,171.0,56,2,False,False,True,exact_name,>150 MW,0,55×3 + 1×6,51.666,2.8012,Temperate oceanic climate,90.0,150.0,91.07142857142857,2,0,44.0,73.5,44.526785714285715,2,0,72.0,100.0,72.5,2,0
DK_KF_AB_GU,DK_KF_AB_GU,74,entsoe,offshore,604.8,72,1,False,False,True,exact_name,>150 MW,0,72×8.4,55.0209,12.9074,Temperate oceanic climate,167.0,167.0,167.0,1,0,81.5,81.5,81.5,1,0,107.0,107.0,107.0,1,0
Horns Rev A,Horns Rev A,75,entsoe,offshore,160.0,80,1,False,False,True,exact_name,>150 MW,0,80×2,55.486,7.84,Temperate oceanic climate,80.0,80.0,80.0,1,0,39.0,39.0,39.0,1,0,70.0,70.0,70.0,1,0
Horns Rev B,Horns Rev B,76,entsoe,offshore,209.3,91,1,False,False,True,exact_name,>150 MW,0,91×2.3,55.6033,7.6318,Temperate oceanic climate,93.0,93.0,93.0,1,0,45.0,45.0,45.0,1,0,68.0,68.0,68.0,1,0
Horns Rev C,Horns Rev C,77,entsoe,offshore,406.7,49,1,False,False,True,exact_name,>150 MW,0,49×8.3,55.6892,7.6635,Temperate oceanic climate,164.0,164.0,164.0,1,0,80.0,80.0,80.0,1,0,105.0,105.0,105.0,1,0
LARYO-1,LARYO-1,78,entsoe,offshore,630.0,175,1,False,False,True,exact_name,>150 MW,0,175×3.6,51.626,1.496,Temperate maritime climate,120.0,120.0,120.0,1,0,58.5,58.5,58.5,1,0,87.0,87.0,87.0,1,0
MINSW-1,MINSW-1,79,entsoe,onshore,36.8,16,1,False,False,True,exact_name,<50 MW,0,16×2.3,55.1123,-3.2218,Temperate oceanic climate,93.0,93.0,93.0,1,0,45.0,45.0,45.0,1,0,73.5,73.5,73.5,1,0
Roedsand 1,Roedsand 1,80,entsoe,offshore,165.6,72,1,False,False,True,exact_name,>150 MW,0,72×2.3,54.55,11.715,Temperate oceanic climate,82.0,82.0,82.0,1,0,40.0,40.0,40.0,1,0,69.0,69.0,69.0,1,0
Roedsand 2,Roedsand 2,81,entsoe,offshore,207.0,90,1,False,False,True,exact_name,>150 MW,0,90×2.3,54.5584,11.5307,Temperate oceanic climate,93.0,93.0,93.0,1,0,45.0,45.0,45.0,1,0,68.5,68.5,68.5,1,0
Thorntonbank - C-Power - Area SW,Thorntonbank - C-Power - Area SW,82,entsoe,offshore,178.05,30,2,False,False,True,exact_name,>150 MW,0,6×5.075 + 24×6.15,51.56,2.97,Temperate oceanic climate,126.0,126.0,126.0,1,0,61.5,61.5,61.5,1,0,94.0,94.0,94.0,1,24
Thorntonbank - C-Power - Area NE,Thorntonbank - C-Power - Area NE,83,entsoe,offshore,147.6,24,1,False,False,True,exact_name,50–150 MW,0,24×6.15,51.54,2.92,Temperate oceanic climate,126.0,126.0,126.0,1,0,61.5,61.5,61.5,1,0,,,,0,24
UP_BDDSLDSRDI_1,UP_BDDSLDSRDI_1,84,entsoe,onshore,138.0,69,1,False,False,True,exact_name,50–150 MW,0,69×2,40.6749,9.2545,Mediterranean climate,71.0,71.0,71.0,1,0,,,,0,69,,,,0,69
WLNYW-1,WLNYW-1,85,entsoe,offshore,183.6,51,1,False,False,True,exact_name,>150 MW,0,51×3.6,53.8104,-4.9074,Temperate maritime climate,107.0,107.0,107.0,1,0,52.0,52.0,52.0,1,0,83.5,83.5,83.5,1,0
BALDHWF1,BALDHWF1,86,aemo,onshore,106.6,52,1,False,False,True,exact_name,50–150 MW,0,52×2.05,-38.759,145.9537,Temperate oceanic climate,92.5,92.5,92.5,1,0,45.2,45.2,45.2,1,0,80.0,80.0,80.0,1,0
BLUFF1,BLUFF1,87,aemo,onshore,64.75,37,1,False,False,True,exact_name,50–150 MW,0,37×1.75,-40.7986,144.7145,Temperate oceanic climate,66.0,66.0,66.0,1,0,32.0,32.0,32.0,1,0,60.0,60.0,60.0,1,0
BOCORWF1,BOCORWF1,88,aemo,onshore,113.0,67,2,False,False,True,exact_name,50–150 MW,0,58×1.7 + 9×1.6,-36.5793,149.1038,Temperate climate,100.0,100.0,100.0,1,0,48.7,48.7,48.70000000000001,1,0,80.0,80.0,80.0,1,0
CAPTL_WF,CAPTL_WF,89,aemo,onshore,140.7,67,1,False,False,True,exact_name,50–150 MW,0,67×2.1,-35.1741,149.5162,Temperate climate,88.0,88.0,88.0,1,0,43.2,43.2,43.2,1,0,80.0,80.0,80.0,1,0
CATHROCK,CATHROCK,90,aemo,onshore,62.0,31,1,False,False,True,exact_name,50–150 MW,0,31×2,-34.865,135.5967,Semi-arid climate,80.0,80.0,80.0,1,0,39.0,39.0,39.0,1,0,60.0,60.0,60.0,1,0
CHALLHWF,CHALLHWF,91,aemo,onshore,52.5,35,1,False,False,True,exact_name,50–150 MW,0,35×1.5,-37.3975,143.0988,Temperate climate,64.0,64.0,64.0,1,0,31.7,31.7,31.7,1,0,68.0,68.0,68.0,1,0
CLEMGPWF,CLEMGPWF,92,aemo,onshore,56.7,27,1,False,False,True,exact_name,50–150 MW,0,27×2.1,-33.5094,138.1145,Semi-arid climate,88.0,88.0,88.0,1,0,43.2,43.2,43.2,1,0,79.0,79.0,79.0,1,0
CNUNDAWF,CNUNDAWF,93,aemo,onshore,46.0,23,1,False,False,True,exact_name,<50 MW,0,23×2,-37.8091,140.418,Semi-arid climate,80.0,80.0,80.0,1,0,39.0,39.0,39.0,1,0,67.0,67.0,67.0,1,0
CULLRGWF,CULLRGWF,94,aemo,onshore,30.45,15,3,False,False,True,exact_name,<50 MW,0,7×2.05 + 6×2 + 2×2.05,-34.8052,149.4003,Temperate climate,82.0,92.5,86.9,2,0,40.0,45.2,42.42666666666667,2,0,80.0,80.0,80.0,1,0
GULLRWF1,GULLRWF1,95,aemo,onshore,165.5,73,2,False,False,True,exact_name,>150 MW,0,56×2.5 + 17×1.5,-34.5442,149.4325,Temperate climate,82.3,109.0,102.78219178082192,2,0,,,,0,73,80.0,85.0,81.16438356164383,2,0
GUNNING1,GUNNING1,96,aemo,onshore,46.5,31,1,False,False,True,exact_name,<50 MW,0,31×1.5,-34.6862,149.3819,Temperate climate,70.0,70.0,70.0,1,0,34.0,34.0,34.0,1,0,80.0,80.0,80.0,1,0
HALLWF1,HALLWF1,97,aemo,onshore,94.5,45,1,False,False,True,exact_name,50–150 MW,0,45×2.1,-33.3153,138.7072,Semi-arid climate,88.0,88.0,88.0,1,0,43.2,43.2,43.2,1,0,80.0,80.0,80.0,1,0
SNOWTWN1,SNOWTWN1,98,aemo,onshore,100.8,48,2,False,False,True,exact_name,50–150 MW,0,47×2.1 + 1×2.1,-33.7317,138.1352,Semi-arid climate,88.0,95.0,88.14583333333333,2,0,43.2,46.5,43.268750000000004,2,0,80.0,80.0,80.0,1,0
STARHLWF,STARHLWF,99,aemo,onshore,34.5,23,1,False,False,True,exact_name,<50 MW,0,23×1.5,-35.5703,138.1575,Mediterranean climate,64.0,64.0,64.0,1,0,31.7,31.7,31.7,1,0,68.0,68.0,68.0,1,0
WATERLWF,WATERLWF,100,aemo,onshore,130.8,43,2,False,False,True,exact_name,50–150 MW,0,37×3 + 6×3.3,-33.9965,138.9152,Mediterranean climate,90.0,117.0,93.76744186046511,2,0,44.0,57.2,45.84186046511628,2,0,80.0,91.5,81.6046511627907,2,0
NREL_WTK_site101275_SouthDakota-Deuel_class2_16MW_2007-2013,SouthDakota-Deuel_class2,101,nrel_wtk,onshore,16.0,8,1,False,True,True,name_and_declared_size,<50 MW,4,8×2,44.6086,-96.7195,"Humid continental climate, hot summer",82.5,112.0,,4,0,40.0,54.6,,4,0,100.0,100.0,100.0,1,0
NREL_WTK_site101582_Massachusetts-Berkshire_class3_16MW_2007-2013,Massachusetts-Berkshire_class3,102,nrel_wtk,onshore,16.0,8,1,False,True,True,name_and_declared_size,<50 MW,3,8×2,42.2296,-73.1513,"Humid continental climate, warm summer",100.0,114.0,,2,0,48.7,55.5,,3,0,100.0,100.0,100.0,1,0
NREL_WTK_site102811_NewYork-Albany_class2_16MW_2007-2013,NewYork-Albany_class2,103,nrel_wtk,onshore,16.0,8,1,False,True,True,name_and_declared_size,<50 MW,4,8×2,42.5623,-74.175,"Humid continental climate, warm summer",82.5,112.0,,4,0,40.0,54.6,,4,0,100.0,100.0,100.0,1,0
NREL_WTK_site10444_NewMexico-Eddy_class1_16MW_2007-2013,NewMexico-Eddy_class1,104,nrel_wtk,onshore,16.0,8,1,False,True,True,name_and_declared_size,<50 MW,4,8×2,32.1134,-104.7685,Cold semi-arid climate,80.0,101.0,,3,0,39.0,49.0,,4,0,100.0,100.0,100.0,1,0
NREL_WTK_site104714_Massachusetts-Plymouth_class3_2MW_2007-2013,Massachusetts-Plymouth_class3,105,nrel_wtk,onshore,2.0,1,1,False,True,True,name_and_declared_size,<50 MW,3,1×2,41.997,-70.7819,"Humid continental climate, hot summer",100.0,114.0,,2,0,48.7,55.5,,3,0,100.0,100.0,100.0,1,0
NREL_WTK_site104932_SouthDakota-Butte_class1_14MW_2007-2013,SouthDakota-Butte_class1,106,nrel_wtk,onshore,14.0,7,1,False,True,True,name_and_declared_size,<50 MW,4,7×2,44.7428,-103.0768,Cold semi-arid climate,80.0,101.0,,3,0,39.0,49.0,,4,0,100.0,100.0,100.0,1,0
NREL_WTK_site105082_SouthDakota-Butte_class1_12MW_2007-2013,SouthDakota-Butte_class1,107,nrel_wtk,onshore,12.0,6,1,False,True,True,name_and_declared_size,<50 MW,4,6×2,44.7597,-103.1052,Cold semi-arid climate,80.0,101.0,,3,0,39.0,49.0,,4,0,100.0,100.0,100.0,1,0
NREL_WTK_site110192_Minnesota-Benton_class3_16MW_2007-2013,Minnesota-Benton_class3,108,nrel_wtk,onshore,16.0,8,1,False,True,True,name_and_declared_size,<50 MW,3,8×2,45.7834,-93.876,"Humid continental climate, warm summer",100.0,114.0,,2,0,48.7,55.5,,3,0,100.0,100.0,100.0,1,0
NREL_WTK_site110712_Michigan-LakeMichigan_class2_2MW_2007-2013,Michigan-LakeMichigan_class2,109,nrel_wtk,onshore,2.0,1,1,False,True,True,name_and_declared_size,<50 MW,4,1×2,45.5215,-86.7398,"Humid continental climate, warm summer",82.5,112.0,,4,0,40.0,54.6,,4,0,100.0,100.0,100.0,1,0
NREL_WTK_site111362_Montana-Carter_class1_10MW_2007-2013,Montana-Carter_class1,110,nrel_wtk,onshore,10.0,5,1,False,True,True,name_and_declared_size,<50 MW,4,5×2,45.7508,-104.224,Cold semi-arid climate,80.0,101.0,,3,0,39.0,49.0,,4,0,100.0,100.0,100.0,1,0
NREL_WTK_site114665_Offshore-LakeHuron_offshore_16MW_2007-2013,Offshore-LakeHuron_offshore,111,nrel_wtk,offshore,16.0,8,1,False,True,True,name_and_declared_size,<50 MW,3,8×2,46.1137,-82.9767,"Humid continental climate, warm summer",107.0,126.0,,3,0,52.0,61.5,,3,0,100.0,100.0,100.0,1,0
NREL_WTK_site116754_Vermont-Essex_class3_14MW_2007-2013,Vermont-Essex_class3,112,nrel_wtk,onshore,14.0,7,1,False,True,True,name_and_declared_size,<50 MW,3,7×2,44.7016,-71.7443,"Humid continental climate, warm summer",100.0,114.0,,2,0,48.7,55.5,,3,0,100.0,100.0,100.0,1,0
NREL_WTK_site117612_Oregon-Morrow_class3_14MW_2007-2013,Oregon-Morrow_class3,113,nrel_wtk,onshore,14.0,7,1,False,True,True,name_and_declared_size,<50 MW,3,7×2,45.1585,-119.4079,Warm-summer Mediterranean continental climate,100.0,114.0,,2,0,48.7,55.5,,3,0,100.0,100.0,100.0,1,0
NREL_WTK_site117971_NorthDakota-Dunn_class2_10MW_2007-2013,NorthDakota-Dunn_class2,114,nrel_wtk,onshore,10.0,5,1,False,True,True,name_and_declared_size,<50 MW,4,5×2,47.4239,-102.9581,"Humid continental climate, warm summer",82.5,112.0,,4,0,40.0,54.6,,4,0,100.0,100.0,100.0,1,0
NREL_WTK_site118282_NewHampshire-Coos_class3_12MW_2007-2013,NewHampshire-Coos_class3,115,nrel_wtk,onshore,12.0,6,1,False,True,True,name_and_declared_size,<50 MW,3,6×2,44.9839,-71.2603,"Humid continental climate, warm summer",100.0,114.0,,2,0,48.7,55.5,,3,0,100.0,100.0,100.0,1,0
BANC DE GUERANDE 1,BANC DE GUERANDE 1,116,entsoe,offshore,240.0,40,1,False,False,True,exact_name,>150 MW,0,40×6,47.1608,-2.6281,Oceanic climate,150.0,150.0,150.0,1,0,73.5,73.5,73.5,1,0,100.0,100.0,100.0,1,0
BANC DE GUERANDE 2,BANC DE GUERANDE 2,117,entsoe,offshore,240.0,40,1,False,False,True,exact_name,>150 MW,0,40×6,47.1608,-2.6281,Oceanic climate,150.0,150.0,150.0,1,0,73.5,73.5,73.5,1,0,100.0,100.0,100.0,1,0
BOWLW-1,BOWLW-1,118,entsoe,offshore,90.0,30,1,False,False,True,exact_name,50–150 MW,0,30×3,53.9817,-3.283,Oceanic climate,90.0,90.0,90.0,1,0,44.0,44.0,44.0,1,0,75.0,75.0,75.0,1,0
BRBEO-1,BRBEO-1,119,entsoe,offshore,256.0,32,1,False,False,True,exact_name,>150 MW,0,32×8,53.4917,-3.2002,Oceanic climate,164.0,164.0,164.0,1,0,80.0,80.0,80.0,1,0,105.0,105.0,105.0,1,0
BRDUW-1,BRDUW-1,120,entsoe,onshore,72.0,36,1,False,False,True,exact_name,50–150 MW,0,36×2,53.2267,-4.4856,Oceanic climate,80.0,80.0,80.0,1,0,39.0,39.0,39.0,1,0,60.0,60.0,60.0,1,0
BRYBW-1,BRYBW-1,121,entsoe,onshore,66.7,29,1,False,False,True,exact_name,50–150 MW,0,29×2.3,57.6098,-3.6199,Temperate oceanic climate,71.0,71.0,71.0,1,0,,,,0,29,69.0,69.0,69.0,1,0
BURBW-1,BURBW-1,122,entsoe,offshore,90.0,25,1,False,False,True,exact_name,50–150 MW,0,25×3.6,53.4917,-3.2002,Oceanic climate,107.0,107.0,107.0,1,0,52.0,52.0,52.0,1,0,83.5,83.5,83.5,1,0
CLDNW-1,CLDNW-1,123,entsoe,onshore,220.8,96,1,False,False,True,exact_name,>150 MW,0,96×2.3,55.445,-3.5986,Temperate oceanic climate,82.4,82.4,82.4,1,0,40.0,40.0,40.0,1,0,80.0,80.0,80.0,1,0
CLDSW-1,CLDSW-1,124,entsoe,onshore,128.8,56,1,False,False,True,exact_name,50–150 MW,0,56×2.3,55.4672,-3.6544,Temperate oceanic climate,82.4,82.4,82.4,1,0,40.0,40.0,40.0,1,0,80.0,80.0,80.0,1,0
GRGBW-1,GRGBW-1,125,entsoe,offshore,169.2,47,1,True,False,True,exact_name,>150 MW,0,≈47×3.6,51.9042,1.9284,Temperate maritime climate,107.0,107.0,107.0,1,0,52.0,52.0,52.0,1,0,78.0,78.0,78.0,1,0
GRGBW-2,GRGBW-2,126,entsoe,offshore,169.2,47,1,True,False,True,exact_name,>150 MW,0,≈47×3.6,51.9042,1.9284,Temperate maritime climate,107.0,107.0,107.0,1,0,52.0,52.0,52.0,1,0,78.0,78.0,78.0,1,0
GRGBW-3,GRGBW-3,127,entsoe,offshore,165.6,46,1,True,False,True,exact_name,>150 MW,0,≈46×3.6,51.9042,1.9284,Temperate maritime climate,107.0,107.0,107.0,1,0,52.0,52.0,52.0,1,0,78.0,78.0,78.0,1,0
LKBONNY1,LKBONNY1,128,aemo,onshore,80.5,46,1,False,False,True,exact_name,50–150 MW,0,46×1.75,-37.7831,140.406,Temperate Mediterranean–semi-arid transitional climate,66.0,66.0,66.0,1,0,32.0,32.0,32.0,1,0,60.0,60.0,60.0,1,0
LKBONNY2,LKBONNY2,129,aemo,onshore,159.0,53,1,False,False,True,exact_name,>150 MW,0,53×3,-37.7831,140.406,Temperate Mediterranean–semi-arid transitional climate,90.0,90.0,90.0,1,0,44.0,44.0,44.0,1,0,80.0,80.0,80.0,1,0
LKBONNY3,LKBONNY3,130,aemo,onshore,39.0,13,1,False,False,True,exact_name,<50 MW,0,13×3,-37.7831,140.406,Temperate Mediterranean–semi-arid transitional climate,90.0,90.0,90.0,1,0,44.0,44.0,44.0,1,0,80.0,80.0,80.0,1,0
SNOWNTH1,SNOWNTH1,131,aemo,onshore,69.0,23,1,False,False,True,exact_name,50–150 MW,0,23×3,-33.7317,138.1352,Semi-arid climate,101.0,101.0,101.0,1,0,49.0,49.0,49.0,1,0,80.0,80.0,80.0,1,0
SNOWSTH1,SNOWSTH1,132,aemo,onshore,201.0,67,1,False,False,True,exact_name,>150 MW,0,67×3,-33.7317,138.1352,Semi-arid climate,108.0,108.0,108.0,1,0,53.0,53.0,53.0,1,0,80.0,80.0,80.0,1,0
huaneng,huaneng,133,huaneng,onshore,100.0,50,1,False,False,False,not_in_131_manifest,50–150 MW,0,50×2,,,Temperate continental (per config),,,,0,50,,,,0,50,,,,0,50
