name,source,rated_power_kW_used,rated_power_MW_used,power_unit_original_csv,rated_capacity_source,onshore_offshore
Anholt,entsoe,399600.0,399.6,MW,xlsx_equipment_count_times_rated_kw,Offshore
BALDHWF1,aemo,106600.0,106.6,MW,xlsx_equipment_count_times_rated_kw,Onshore
BANC DE GUERANDE 1,entsoe,240000.0,240.0,MW,xlsx_equipment_count_times_rated_kw,Offshore
BANC DE GUERANDE 2,entsoe,240000.0,240.0,MW,xlsx_equipment_count_times_rated_kw,Offshore
BLUFF1,aemo,64750.0,64.75,MW,xlsx_equipment_count_times_rated_kw,Onshore
BOCORWF1,aemo,113000.0,113.0,MW,xlsx_equipment_count_times_rated_kw,Onshore
BOWLW-1,entsoe,90000.0,90.0,MW,xlsx_equipment_count_times_rated_kw,Offshore
BRBEO-1,entsoe,256000.0,256.0,MW,xlsx_equipment_count_times_rated_kw,Offshore
BRDUW-1,entsoe,72000.0,72.0,MW,xlsx_equipment_count_times_rated_kw,Onshore
BRYBW-1,entsoe,66700.0,66.7,MW,xlsx_equipment_count_times_rated_kw,Onshore
BURBW-1,entsoe,90000.0,90.0,MW,xlsx_equipment_count_times_rated_kw,Offshore
Belwind Phase 1,entsoe,171000.0,171.0,MW,xlsx_equipment_count_times_rated_kw,Offshore
CAPTL_WF,aemo,140700.0,140.7,MW,xlsx_equipment_count_times_rated_kw,Onshore
CATHROCK,aemo,62000.0,62.0,MW,xlsx_equipment_count_times_rated_kw,Onshore
CHALLHWF,aemo,52500.0,52.5,MW,xlsx_equipment_count_times_rated_kw,Onshore
CLDNW-1,entsoe,220800.0,220.8,MW,xlsx_equipment_count_times_rated_kw,Onshore
CLDSW-1,entsoe,128800.00000000001,128.8,MW,xlsx_equipment_count_times_rated_kw,Onshore
CLEMGPWF,aemo,56700.0,56.7,MW,xlsx_equipment_count_times_rated_kw,Onshore
CNUNDAWF,aemo,46000.0,46.0,MW,xlsx_equipment_count_times_rated_kw,Onshore
CULLRGWF,aemo,30450.0,30.45,MW,xlsx_equipment_count_times_rated_kw,Onshore
DK_KF_AB_GU,entsoe,604800.0,604.8,MW,xlsx_equipment_count_times_rated_kw,Offshore
GRGBW-1,entsoe,169200.0,169.2,MW,xlsx_equipment_count_times_rated_kw_approximate_count,Offshore
GRGBW-2,entsoe,169200.0,169.2,MW,xlsx_equipment_count_times_rated_kw_approximate_count,Offshore
GRGBW-3,entsoe,165600.0,165.6,MW,xlsx_equipment_count_times_rated_kw_approximate_count,Offshore
GULLRWF1,aemo,165500.0,165.5,MW,xlsx_equipment_count_times_rated_kw,Onshore
GUNNING1,aemo,46500.0,46.5,MW,xlsx_equipment_count_times_rated_kw,Onshore
HALLWF1,aemo,94500.0,94.5,MW,xlsx_equipment_count_times_rated_kw,Onshore
Horns Rev A,entsoe,160000.0,160.0,MW,xlsx_equipment_count_times_rated_kw,Offshore
Horns Rev B,entsoe,209300.0,209.3,MW,xlsx_equipment_count_times_rated_kw,Offshore
Horns Rev C,entsoe,406700.0,406.7,MW,xlsx_equipment_count_times_rated_kw,Offshore
LARYO-1,entsoe,630000.0,630.0,MW,xlsx_equipment_count_times_rated_kw,Offshore
LKBONNY1,aemo,80500.0,80.5,MW,xlsx_equipment_count_times_rated_kw,Onshore
LKBONNY2,aemo,159000.0,159.0,MW,xlsx_equipment_count_times_rated_kw,Onshore
LKBONNY3,aemo,39000.0,39.0,MW,xlsx_equipment_count_times_rated_kw,Onshore
MINSW-1,entsoe,36800.0,36.8,MW,xlsx_equipment_count_times_rated_kw,Onshore
NREL_WTK_site101275_SouthDakota-Deuel_class2_16MW_2007-2013,nrel,16000.0,16.0,MW,xlsx_equipment_count_times_rated_kw,Onshore
NREL_WTK_site101582_Massachusetts-Berkshire_class3_16MW_2007-2013,nrel,16000.0,16.0,MW,xlsx_equipment_count_times_rated_kw,Onshore
NREL_WTK_site102811_NewYork-Albany_class2_16MW_2007-2013,nrel,16000.0,16.0,MW,xlsx_equipment_count_times_rated_kw,Onshore
NREL_WTK_site10444_NewMexico-Eddy_class1_16MW_2007-2013,nrel,16000.0,16.0,MW,xlsx_equipment_count_times_rated_kw,Onshore
NREL_WTK_site104714_Massachusetts-Plymouth_class3_2MW_2007-2013,nrel,2000.0,2.0,MW,xlsx_equipment_count_times_rated_kw,Onshore
NREL_WTK_site104932_SouthDakota-Butte_class1_14MW_2007-2013,nrel,14000.0,14.0,MW,xlsx_equipment_count_times_rated_kw,Onshore
NREL_WTK_site105082_SouthDakota-Butte_class1_12MW_2007-2013,nrel,12000.0,12.0,MW,xlsx_equipment_count_times_rated_kw,Onshore
NREL_WTK_site110192_Minnesota-Benton_class3_16MW_2007-2013,nrel,16000.0,16.0,MW,xlsx_equipment_count_times_rated_kw,Onshore
NREL_WTK_site110712_Michigan-LakeMichigan_class2_2MW_2007-2013,nrel,2000.0,2.0,MW,xlsx_equipment_count_times_rated_kw,Onshore
NREL_WTK_site111362_Montana-Carter_class1_10MW_2007-2013,nrel,10000.0,10.0,MW,xlsx_equipment_count_times_rated_kw,Onshore
NREL_WTK_site114665_Offshore-LakeHuron_offshore_16MW_2007-2013,nrel,16000.0,16.0,MW,xlsx_equipment_count_times_rated_kw,Offshore
NREL_WTK_site116754_Vermont-Essex_class3_14MW_2007-2013,nrel,14000.0,14.0,MW,xlsx_equipment_count_times_rated_kw,Onshore
NREL_WTK_site117612_Oregon-Morrow_class3_14MW_2007-2013,nrel,14000.0,14.0,MW,xlsx_equipment_count_times_rated_kw,Onshore
NREL_WTK_site117971_NorthDakota-Dunn_class2_10MW_2007-2013,nrel,10000.0,10.0,MW,xlsx_equipment_count_times_rated_kw,Onshore
NREL_WTK_site118282_NewHampshire-Coos_class3_12MW_2007-2013,nrel,12000.0,12.0,MW,xlsx_equipment_count_times_rated_kw,Onshore
NREL_WTK_site119090_Maine-Waldo_class3_16MW_2007-2013,nrel,16000.0,16.0,MW,xlsx_equipment_count_times_rated_kw,Onshore
NREL_WTK_site12172_Alabama-Chambers_class3_16MW_2007-2013,nrel,16000.0,16.0,MW,xlsx_equipment_count_times_rated_kw,Onshore
NREL_WTK_site121764_Washington-Klickitat_class2_16MW_2007-2013,nrel,16000.0,16.0,MW,xlsx_equipment_count_times_rated_kw,Onshore
NREL_WTK_site122002_Maine-Piscataquis_class3_12MW_2007-2013,nrel,12000.0,12.0,MW,xlsx_equipment_count_times_rated_kw,Onshore
NREL_WTK_site126058_Montana-Glacier_class2_2MW_2007-2013,nrel,2000.0,2.0,MW,xlsx_equipment_count_times_rated_kw,Onshore
NREL_WTK_site126185_Montana-Glacier_class1_14MW_2007-2013,nrel,14000.0,14.0,MW,xlsx_equipment_count_times_rated_kw,Onshore
NREL_WTK_site1415_Florida-MiamiDade_class3_16MW_2007-2013,nrel,16000.0,16.0,MW,xlsx_equipment_count_times_rated_kw,Onshore
NREL_WTK_site14725_SouthCarolina-Bamberg_class3_16MW_2007-2013,nrel,16000.0,16.0,MW,xlsx_equipment_count_times_rated_kw,Onshore
NREL_WTK_site15559_California-Imperial_class1_2MW_2007-2013,nrel,2000.0,2.0,MW,xlsx_equipment_count_times_rated_kw,Onshore
NREL_WTK_site16069_Oklahoma-Comanche_class1_2MW_2007-2013,nrel,2000.0,2.0,MW,xlsx_equipment_count_times_rated_kw,Onshore
NREL_WTK_site17501_Georgia-Pickens_class3_16MW_2007-2013,nrel,16000.0,16.0,MW,xlsx_equipment_count_times_rated_kw,Onshore
NREL_WTK_site19095_Oklahoma-Grady_class2_16MW_2007-2013,nrel,16000.0,16.0,MW,xlsx_equipment_count_times_rated_kw,Onshore
NREL_WTK_site20092_Arizona-Apache_class3_16MW_2007-2013,nrel,16000.0,16.0,MW,xlsx_equipment_count_times_rated_kw,Onshore
NREL_WTK_site22664_Arkansas-Washington_class3_16MW_2007-2013,nrel,16000.0,16.0,MW,xlsx_equipment_count_times_rated_kw,Onshore
NREL_WTK_site24924_Atlantic-Offshore_16MW_2007-2013,nrel,16000.0,16.0,MW,xlsx_equipment_count_times_rated_kw,Offshore
NREL_WTK_site26558_Oklahoma-Ellis_class2_16MW_2007-2013,nrel,16000.0,16.0,MW,xlsx_equipment_count_times_rated_kw,Onshore
NREL_WTK_site27707_Offshore-Pacific-CA_offshore_16MW_2007-2013,nrel,16000.0,16.0,MW,xlsx_equipment_count_times_rated_kw,Offshore
NREL_WTK_site29477_NorthCarolina-Carteret_class2_16MW_2007-2013,nrel,16000.0,16.0,MW,xlsx_equipment_count_times_rated_kw,Onshore
NREL_WTK_site29715_Tennessee-Campbell_class3_8MW_2007-2013,nrel,8000.0,8.0,MW,xlsx_equipment_count_times_rated_kw,Onshore
NREL_WTK_site3044_Offshore-Gulf-LA_offshore_16MW_2007-2013,nrel,16000.0,16.0,MW,xlsx_equipment_count_times_rated_kw,Offshore
NREL_WTK_site31505_NewMexico-Union_class2_12MW_2007-2013,nrel,12000.0,12.0,MW,xlsx_equipment_count_times_rated_kw,Onshore
NREL_WTK_site33345_California-SanBernardino_class2_16MW_2007-2013,nrel,16000.0,16.0,MW,xlsx_equipment_count_times_rated_kw,Onshore
NREL_WTK_site34260_Offshore-NC-OuterBanks_offshore_16MW_2007-2013,nrel,16000.0,16.0,MW,xlsx_equipment_count_times_rated_kw,Offshore
NREL_WTK_site34947_Kansas-Kiowa_class1_2MW_2007-2013,nrel,2000.0,2.0,MW,xlsx_equipment_count_times_rated_kw,Onshore
NREL_WTK_site38019_Virginia-Patrick_class1_4MW_2007-2013,nrel,4000.0,4.0,MW,xlsx_equipment_count_times_rated_kw,Onshore
NREL_WTK_site38405_Kansas-Hodgeman_class2_6MW_2007-2013,nrel,6000.0,6.0,MW,xlsx_equipment_count_times_rated_kw,Onshore
NREL_WTK_site39062_Kentucky-Madison_class3_16MW_2007-2013,nrel,16000.0,16.0,MW,xlsx_equipment_count_times_rated_kw,Onshore
NREL_WTK_site39241_Kansas-Chase_class2_16MW_2007-2013,nrel,16000.0,16.0,MW,xlsx_equipment_count_times_rated_kw,Onshore
NREL_WTK_site39992_Virginia-Roanoke_class2_14MW_2007-2013,nrel,14000.0,14.0,MW,xlsx_equipment_count_times_rated_kw,Onshore
NREL_WTK_site41012_Offshore-Virginia_offshore_16MW_2007-2013,nrel,16000.0,16.0,MW,xlsx_equipment_count_times_rated_kw,Offshore
NREL_WTK_site43337_Kansas-Gove_class2_16MW_2007-2013,nrel,16000.0,16.0,MW,xlsx_equipment_count_times_rated_kw,Onshore
NREL_WTK_site44258_Colorado-ElPaso_class2_16MW_2007-2013,nrel,16000.0,16.0,MW,xlsx_equipment_count_times_rated_kw,Onshore
NREL_WTK_site44404_Utah-Wayne_class1_2MW_2007-2013,nrel,2000.0,2.0,MW,xlsx_equipment_count_times_rated_kw,Onshore
NREL_WTK_site4477_Louisiana-Plaquemines_class2_16MW_2007-2013,nrel,16000.0,16.0,MW,xlsx_equipment_count_times_rated_kw,Onshore
NREL_WTK_site48642_Nevada-Lincoln_class2_14MW_2007-2013,nrel,14000.0,14.0,MW,xlsx_equipment_count_times_rated_kw,Onshore
NREL_WTK_site48998_WestVirginia-Randolph_class3_10MW_2007-2013,nrel,10000.0,10.0,MW,xlsx_equipment_count_times_rated_kw,Onshore
NREL_WTK_site49033_Utah-Millard_class2_10MW_2007-2013,nrel,10000.0,10.0,MW,xlsx_equipment_count_times_rated_kw,Onshore
NREL_WTK_site50527_WestVirginia-Grant_class1_4MW_2007-2013,nrel,4000.0,4.0,MW,xlsx_equipment_count_times_rated_kw,Onshore
NREL_WTK_site51774_Missouri-Putnam_class3_12MW_2007-2013,nrel,12000.0,12.0,MW,xlsx_equipment_count_times_rated_kw,Onshore
NREL_WTK_site51833_Indiana-Boone_class3_16MW_2007-2013,nrel,16000.0,16.0,MW,xlsx_equipment_count_times_rated_kw,Onshore
NREL_WTK_site54272_Maryland-Garrett_class2_16MW_2007-2013,nrel,16000.0,16.0,MW,xlsx_equipment_count_times_rated_kw,Onshore
NREL_WTK_site55701_Delaware-Sussex_class3_16MW_2007-2013,nrel,16000.0,16.0,MW,xlsx_equipment_count_times_rated_kw,Onshore
NREL_WTK_site58040_Maryland-Garrett_class1_2MW_2007-2013,nrel,2000.0,2.0,MW,xlsx_equipment_count_times_rated_kw,Onshore
NREL_WTK_site58_Offshore-Gulf-TX_offshore_16MW_2007-2013,nrel,16000.0,16.0,MW,xlsx_equipment_count_times_rated_kw,Offshore
NREL_WTK_site62251_Pennsylvania-Somerset_class1_10MW_2007-2013,nrel,10000.0,10.0,MW,xlsx_equipment_count_times_rated_kw,Onshore
NREL_WTK_site65866_Nebraska-Banner_class1_12MW_2007-2013,nrel,12000.0,12.0,MW,xlsx_equipment_count_times_rated_kw,Onshore
NREL_WTK_site66923_Iowa-Audubon_class2_16MW_2007-2013,nrel,16000.0,16.0,MW,xlsx_equipment_count_times_rated_kw,Onshore
NREL_WTK_site67407_Nebraska-Hooker_class2_16MW_2007-2013,nrel,16000.0,16.0,MW,xlsx_equipment_count_times_rated_kw,Onshore
NREL_WTK_site67639_Wyoming-Laramie_class1_10MW_2007-2013,nrel,10000.0,10.0,MW,xlsx_equipment_count_times_rated_kw,Onshore
NREL_WTK_site67857_Ohio-Columbiana_class3_16MW_2007-2013,nrel,16000.0,16.0,MW,xlsx_equipment_count_times_rated_kw,Onshore
NREL_WTK_site69733_NewJersey-Ocean_class2_6MW_2007-2013,nrel,6000.0,6.0,MW,xlsx_equipment_count_times_rated_kw,Onshore
NREL_WTK_site73739_Wyoming-Albany_class1_16MW_2007-2013,nrel,16000.0,16.0,MW,xlsx_equipment_count_times_rated_kw,Onshore
NREL_WTK_site77482_Illinois-McHenry_class2_16MW_2007-2013,nrel,16000.0,16.0,MW,xlsx_equipment_count_times_rated_kw,Onshore
NREL_WTK_site78083_Wyoming-Carbon_class1_16MW_2007-2013,nrel,16000.0,16.0,MW,xlsx_equipment_count_times_rated_kw,Onshore
NREL_WTK_site80743_Offshore-LakeErie-OH_offshore_16MW_2007-2013,nrel,16000.0,16.0,MW,xlsx_equipment_count_times_rated_kw,Offshore
NREL_WTK_site80793_Wyoming-Fremont_class2_16MW_2007-2013,nrel,16000.0,16.0,MW,xlsx_equipment_count_times_rated_kw,Onshore
NREL_WTK_site8095_Texas-Pecos_class1_12MW_2007-2013,nrel,12000.0,12.0,MW,xlsx_equipment_count_times_rated_kw,Onshore
NREL_WTK_site8181_Texas-Pecos_class2_16MW_2007-2013,nrel,16000.0,16.0,MW,xlsx_equipment_count_times_rated_kw,Onshore
NREL_WTK_site81893_Offshore-LakeErie_offshore_16MW_2007-2013,nrel,16000.0,16.0,MW,xlsx_equipment_count_times_rated_kw,Offshore
NREL_WTK_site82617_Pennsylvania-McKean_class3_16MW_2007-2013,nrel,16000.0,16.0,MW,xlsx_equipment_count_times_rated_kw,Onshore
NREL_WTK_site89648_Connecticut-Fairfield_class3_6MW_2007-2013,nrel,6000.0,6.0,MW,xlsx_equipment_count_times_rated_kw,Onshore
NREL_WTK_site90195_Wyoming-Fremont_class1_14MW_2007-2013,nrel,14000.0,14.0,MW,xlsx_equipment_count_times_rated_kw,Onshore
NREL_WTK_site90762_Wisconsin-Washington_class3_10MW_2007-2013,nrel,10000.0,10.0,MW,xlsx_equipment_count_times_rated_kw,Onshore
NREL_WTK_site91916_Idaho-TwinFalls_class2_16MW_2007-2013,nrel,16000.0,16.0,MW,xlsx_equipment_count_times_rated_kw,Onshore
NREL_WTK_site92712_Wyoming-Fremont_class1_8MW_2007-2013,nrel,8000.0,8.0,MW,xlsx_equipment_count_times_rated_kw,Onshore
NREL_WTK_site9438_Mississippi-Simpson_class3_16MW_2007-2013,nrel,16000.0,16.0,MW,xlsx_equipment_count_times_rated_kw,Onshore
NREL_WTK_site96777_Offshore-NewEngland_offshore_16MW_2007-2013,nrel,16000.0,16.0,MW,xlsx_equipment_count_times_rated_kw,Offshore
NREL_WTK_site97066_Offshore-Nantucket-MA_offshore_16MW_2007-2013,nrel,16000.0,16.0,MW,xlsx_equipment_count_times_rated_kw,Offshore
NREL_WTK_site97524_Michigan-Sanilac_class3_16MW_2007-2013,nrel,16000.0,16.0,MW,xlsx_equipment_count_times_rated_kw,Onshore
NREL_WTK_site98600_RhodeIsland-Kent_class3_16MW_2007-2013,nrel,16000.0,16.0,MW,xlsx_equipment_count_times_rated_kw,Onshore
Roedsand 1,entsoe,165600.0,165.6,MW,xlsx_equipment_count_times_rated_kw,Offshore
Roedsand 2,entsoe,207000.0,207.0,MW,xlsx_equipment_count_times_rated_kw,Offshore
SNOWNTH1,aemo,69000.0,69.0,MW,xlsx_equipment_count_times_rated_kw,Onshore
SNOWSTH1,aemo,201000.0,201.0,MW,xlsx_equipment_count_times_rated_kw,Onshore
SNOWTWN1,aemo,100800.0,100.8,MW,xlsx_equipment_count_times_rated_kw,Onshore
STARHLWF,aemo,34500.0,34.5,MW,xlsx_equipment_count_times_rated_kw,Onshore
Thorntonbank - C-Power - Area NE,entsoe,147600.0,147.6,MW,xlsx_equipment_count_times_rated_kw,Offshore
Thorntonbank - C-Power - Area SW,entsoe,178050.0,178.05,MW,xlsx_equipment_count_times_rated_kw,Offshore
UP_BDDSLDSRDI_1,entsoe,138000.0,138.0,MW,xlsx_equipment_count_times_rated_kw,Onshore
WATERLWF,aemo,130800.00000000001,130.8,MW,xlsx_equipment_count_times_rated_kw,Onshore
WLNYW-1,entsoe,183600.0,183.6,MW,xlsx_equipment_count_times_rated_kw,Offshore
