dataset_id,farm_name,record_kind,group_index,source,site_type,excel_row,model,count,rated_kw,rotor_m,blade_m,hub_m,approximate_count,rotor_approx,blade_approx,hub_approx,basis
NREL_WTK_site119090_Maine-Waldo_class3_16MW_2007-2013,Maine-Waldo_class3,unit_group,1,nrel_wtk,onshore,2,IEC Class 3 power curve,8.0,2000.0,,,100.0,False,False,False,False,virtual_turbine
NREL_WTK_site119090_Maine-Waldo_class3_16MW_2007-2013,Maine-Waldo_class3,reference_model,1,nrel_wtk,onshore,2,Vestas V100-1.8,,,100.0,49.0,100.0,False,False,True,False,fitted_model_reference
NREL_WTK_site119090_Maine-Waldo_class3_16MW_2007-2013,Maine-Waldo_class3,reference_model,2,nrel_wtk,onshore,2,GE 1.6-100,,,100.0,48.7,100.0,False,False,False,False,fitted_model_reference
NREL_WTK_site119090_Maine-Waldo_class3_16MW_2007-2013,Maine-Waldo_class3,reference_model,3,nrel_wtk,onshore,2,REpower 3.2M114,,,114.0,55.5,100.0,False,False,True,False,fitted_model_reference
NREL_WTK_site12172_Alabama-Chambers_class3_16MW_2007-2013,Alabama-Chambers_class3,unit_group,1,nrel_wtk,onshore,3,IEC Class 3 power curve,8.0,2000.0,,,100.0,False,False,False,False,virtual_turbine
NREL_WTK_site12172_Alabama-Chambers_class3_16MW_2007-2013,Alabama-Chambers_class3,reference_model,1,nrel_wtk,onshore,3,Vestas V100-1.8,,,100.0,49.0,100.0,False,False,True,False,fitted_model_reference
NREL_WTK_site12172_Alabama-Chambers_class3_16MW_2007-2013,Alabama-Chambers_class3,reference_model,2,nrel_wtk,onshore,3,GE 1.6-100,,,100.0,48.7,100.0,False,False,False,False,fitted_model_reference
NREL_WTK_site12172_Alabama-Chambers_class3_16MW_2007-2013,Alabama-Chambers_class3,reference_model,3,nrel_wtk,onshore,3,REpower 3.2M114,,,114.0,55.5,100.0,False,False,True,False,fitted_model_reference
NREL_WTK_site121764_Washington-Klickitat_class2_16MW_2007-2013,Washington-Klickitat_class2,unit_group,1,nrel_wtk,onshore,4,IEC Class 2 power curve,8.0,2000.0,,,100.0,False,False,False,False,virtual_turbine
NREL_WTK_site121764_Washington-Klickitat_class2_16MW_2007-2013,Washington-Klickitat_class2,reference_model,1,nrel_wtk,onshore,4,Vestas V112-3.0,,,112.0,54.6,100.0,False,False,True,False,fitted_model_reference
NREL_WTK_site121764_Washington-Klickitat_class2_16MW_2007-2013,Washington-Klickitat_class2,reference_model,2,nrel_wtk,onshore,4,Siemens SWT-2.3-93,,,93.0,45.0,100.0,False,False,False,False,fitted_model_reference
NREL_WTK_site121764_Washington-Klickitat_class2_16MW_2007-2013,Washington-Klickitat_class2,reference_model,3,nrel_wtk,onshore,4,GE 1.6-82.5,,,82.5,40.0,100.0,False,False,True,False,fitted_model_reference
NREL_WTK_site121764_Washington-Klickitat_class2_16MW_2007-2013,Washington-Klickitat_class2,reference_model,4,nrel_wtk,onshore,4,GE 2.5XL,,,100.0,48.7,100.0,False,False,False,False,fitted_model_reference
NREL_WTK_site122002_Maine-Piscataquis_class3_12MW_2007-2013,Maine-Piscataquis_class3,unit_group,1,nrel_wtk,onshore,5,IEC Class 3 power curve,6.0,2000.0,,,100.0,False,False,False,False,virtual_turbine
NREL_WTK_site122002_Maine-Piscataquis_class3_12MW_2007-2013,Maine-Piscataquis_class3,reference_model,1,nrel_wtk,onshore,5,Vestas V100-1.8,,,100.0,49.0,100.0,False,False,True,False,fitted_model_reference
NREL_WTK_site122002_Maine-Piscataquis_class3_12MW_2007-2013,Maine-Piscataquis_class3,reference_model,2,nrel_wtk,onshore,5,GE 1.6-100,,,100.0,48.7,100.0,False,False,False,False,fitted_model_reference
NREL_WTK_site122002_Maine-Piscataquis_class3_12MW_2007-2013,Maine-Piscataquis_class3,reference_model,3,nrel_wtk,onshore,5,REpower 3.2M114,,,114.0,55.5,100.0,False,False,True,False,fitted_model_reference
NREL_WTK_site126058_Montana-Glacier_class2_2MW_2007-2013,Montana-Glacier_class2,unit_group,1,nrel_wtk,onshore,6,IEC Class 2 power curve,1.0,2000.0,,,100.0,False,False,False,False,virtual_turbine
NREL_WTK_site126058_Montana-Glacier_class2_2MW_2007-2013,Montana-Glacier_class2,reference_model,1,nrel_wtk,onshore,6,Vestas V112-3.0,,,112.0,54.6,100.0,False,False,True,False,fitted_model_reference
NREL_WTK_site126058_Montana-Glacier_class2_2MW_2007-2013,Montana-Glacier_class2,reference_model,2,nrel_wtk,onshore,6,Siemens SWT-2.3-93,,,93.0,45.0,100.0,False,False,False,False,fitted_model_reference
NREL_WTK_site126058_Montana-Glacier_class2_2MW_2007-2013,Montana-Glacier_class2,reference_model,3,nrel_wtk,onshore,6,GE 1.6-82.5,,,82.5,40.0,100.0,False,False,True,False,fitted_model_reference
NREL_WTK_site126058_Montana-Glacier_class2_2MW_2007-2013,Montana-Glacier_class2,reference_model,4,nrel_wtk,onshore,6,GE 2.5XL,,,100.0,48.7,100.0,False,False,False,False,fitted_model_reference
NREL_WTK_site126185_Montana-Glacier_class1_14MW_2007-2013,Montana-Glacier_class1,unit_group,1,nrel_wtk,onshore,7,IEC Class 1 power curve,7.0,2000.0,,,100.0,False,False,False,False,virtual_turbine
NREL_WTK_site126185_Montana-Glacier_class1_14MW_2007-2013,Montana-Glacier_class1,reference_model,1,nrel_wtk,onshore,7,Siemens SWT-3.0-101,,,101.0,49.0,100.0,False,False,False,False,fitted_model_reference
NREL_WTK_site126185_Montana-Glacier_class1_14MW_2007-2013,Montana-Glacier_class1,reference_model,2,nrel_wtk,onshore,7,Gamesa G80-2.0,,,80.0,39.0,100.0,False,False,True,False,fitted_model_reference
NREL_WTK_site126185_Montana-Glacier_class1_14MW_2007-2013,Montana-Glacier_class1,reference_model,3,nrel_wtk,onshore,7,Nordex N90 HS,,,90.0,43.8,100.0,False,False,True,False,fitted_model_reference
NREL_WTK_site126185_Montana-Glacier_class1_14MW_2007-2013,Montana-Glacier_class1,reference_model,4,nrel_wtk,onshore,7,Vestas V90-3.0,,,90.0,44.0,100.0,False,False,False,False,fitted_model_reference
NREL_WTK_site1415_Florida-MiamiDade_class3_16MW_2007-2013,Florida-MiamiDade_class3,unit_group,1,nrel_wtk,onshore,8,IEC Class 3 power curve,8.0,2000.0,,,100.0,False,False,False,False,virtual_turbine
NREL_WTK_site1415_Florida-MiamiDade_class3_16MW_2007-2013,Florida-MiamiDade_class3,reference_model,1,nrel_wtk,onshore,8,Vestas V100-1.8,,,100.0,49.0,100.0,False,False,True,False,fitted_model_reference
NREL_WTK_site1415_Florida-MiamiDade_class3_16MW_2007-2013,Florida-MiamiDade_class3,reference_model,2,nrel_wtk,onshore,8,GE 1.6-100,,,100.0,48.7,100.0,False,False,False,False,fitted_model_reference
NREL_WTK_site1415_Florida-MiamiDade_class3_16MW_2007-2013,Florida-MiamiDade_class3,reference_model,3,nrel_wtk,onshore,8,REpower 3.2M114,,,114.0,55.5,100.0,False,False,True,False,fitted_model_reference
NREL_WTK_site14725_SouthCarolina-Bamberg_class3_16MW_2007-2013,SouthCarolina-Bamberg_class3,unit_group,1,nrel_wtk,onshore,9,IEC Class 3 power curve,8.0,2000.0,,,100.0,False,False,False,False,virtual_turbine
NREL_WTK_site14725_SouthCarolina-Bamberg_class3_16MW_2007-2013,SouthCarolina-Bamberg_class3,reference_model,1,nrel_wtk,onshore,9,Vestas V100-1.8,,,100.0,49.0,100.0,False,False,True,False,fitted_model_reference
NREL_WTK_site14725_SouthCarolina-Bamberg_class3_16MW_2007-2013,SouthCarolina-Bamberg_class3,reference_model,2,nrel_wtk,onshore,9,GE 1.6-100,,,100.0,48.7,100.0,False,False,False,False,fitted_model_reference
NREL_WTK_site14725_SouthCarolina-Bamberg_class3_16MW_2007-2013,SouthCarolina-Bamberg_class3,reference_model,3,nrel_wtk,onshore,9,REpower 3.2M114,,,114.0,55.5,100.0,False,False,True,False,fitted_model_reference
NREL_WTK_site15559_California-Imperial_class1_2MW_2007-2013,California-Imperial_class1,unit_group,1,nrel_wtk,onshore,10,IEC Class 1 power curve,1.0,2000.0,,,100.0,False,False,False,False,virtual_turbine
NREL_WTK_site15559_California-Imperial_class1_2MW_2007-2013,California-Imperial_class1,reference_model,1,nrel_wtk,onshore,10,Siemens SWT-3.0-101,,,101.0,49.0,100.0,False,False,False,False,fitted_model_reference
NREL_WTK_site15559_California-Imperial_class1_2MW_2007-2013,California-Imperial_class1,reference_model,2,nrel_wtk,onshore,10,Gamesa G80-2.0,,,80.0,39.0,100.0,False,False,True,False,fitted_model_reference
NREL_WTK_site15559_California-Imperial_class1_2MW_2007-2013,California-Imperial_class1,reference_model,3,nrel_wtk,onshore,10,Nordex N90 HS,,,90.0,43.8,100.0,False,False,True,False,fitted_model_reference
NREL_WTK_site15559_California-Imperial_class1_2MW_2007-2013,California-Imperial_class1,reference_model,4,nrel_wtk,onshore,10,Vestas V90-3.0,,,90.0,44.0,100.0,False,False,False,False,fitted_model_reference
NREL_WTK_site16069_Oklahoma-Comanche_class1_2MW_2007-2013,Oklahoma-Comanche_class1,unit_group,1,nrel_wtk,onshore,11,IEC Class 1 power curve,1.0,2000.0,,,100.0,False,False,False,False,virtual_turbine
NREL_WTK_site16069_Oklahoma-Comanche_class1_2MW_2007-2013,Oklahoma-Comanche_class1,reference_model,1,nrel_wtk,onshore,11,Siemens SWT-3.0-101,,,101.0,49.0,100.0,False,False,False,False,fitted_model_reference
NREL_WTK_site16069_Oklahoma-Comanche_class1_2MW_2007-2013,Oklahoma-Comanche_class1,reference_model,2,nrel_wtk,onshore,11,Gamesa G80-2.0,,,80.0,39.0,100.0,False,False,True,False,fitted_model_reference
NREL_WTK_site16069_Oklahoma-Comanche_class1_2MW_2007-2013,Oklahoma-Comanche_class1,reference_model,3,nrel_wtk,onshore,11,Nordex N90 HS,,,90.0,43.8,100.0,False,False,True,False,fitted_model_reference
NREL_WTK_site16069_Oklahoma-Comanche_class1_2MW_2007-2013,Oklahoma-Comanche_class1,reference_model,4,nrel_wtk,onshore,11,Vestas V90-3.0,,,90.0,44.0,100.0,False,False,False,False,fitted_model_reference
NREL_WTK_site17501_Georgia-Pickens_class3_16MW_2007-2013,Georgia-Pickens_class3,unit_group,1,nrel_wtk,onshore,12,IEC Class 3 power curve,8.0,2000.0,,,100.0,False,False,False,False,virtual_turbine
NREL_WTK_site17501_Georgia-Pickens_class3_16MW_2007-2013,Georgia-Pickens_class3,reference_model,1,nrel_wtk,onshore,12,Vestas V100-1.8,,,100.0,49.0,100.0,False,False,True,False,fitted_model_reference
NREL_WTK_site17501_Georgia-Pickens_class3_16MW_2007-2013,Georgia-Pickens_class3,reference_model,2,nrel_wtk,onshore,12,GE 1.6-100,,,100.0,48.7,100.0,False,False,False,False,fitted_model_reference
NREL_WTK_site17501_Georgia-Pickens_class3_16MW_2007-2013,Georgia-Pickens_class3,reference_model,3,nrel_wtk,onshore,12,REpower 3.2M114,,,114.0,55.5,100.0,False,False,True,False,fitted_model_reference
NREL_WTK_site19095_Oklahoma-Grady_class2_16MW_2007-2013,Oklahoma-Grady_class2,unit_group,1,nrel_wtk,onshore,13,IEC Class 2 power curve,8.0,2000.0,,,100.0,False,False,False,False,virtual_turbine
NREL_WTK_site19095_Oklahoma-Grady_class2_16MW_2007-2013,Oklahoma-Grady_class2,reference_model,1,nrel_wtk,onshore,13,Vestas V112-3.0,,,112.0,54.6,100.0,False,False,True,False,fitted_model_reference
NREL_WTK_site19095_Oklahoma-Grady_class2_16MW_2007-2013,Oklahoma-Grady_class2,reference_model,2,nrel_wtk,onshore,13,Siemens SWT-2.3-93,,,93.0,45.0,100.0,False,False,False,False,fitted_model_reference
NREL_WTK_site19095_Oklahoma-Grady_class2_16MW_2007-2013,Oklahoma-Grady_class2,reference_model,3,nrel_wtk,onshore,13,GE 1.6-82.5,,,82.5,40.0,100.0,False,False,True,False,fitted_model_reference
NREL_WTK_site19095_Oklahoma-Grady_class2_16MW_2007-2013,Oklahoma-Grady_class2,reference_model,4,nrel_wtk,onshore,13,GE 2.5XL,,,100.0,48.7,100.0,False,False,False,False,fitted_model_reference
NREL_WTK_site20092_Arizona-Apache_class3_16MW_2007-2013,Arizona-Apache_class3,unit_group,1,nrel_wtk,onshore,14,IEC Class 3 power curve,8.0,2000.0,,,100.0,False,False,False,False,virtual_turbine
NREL_WTK_site20092_Arizona-Apache_class3_16MW_2007-2013,Arizona-Apache_class3,reference_model,1,nrel_wtk,onshore,14,Vestas V100-1.8,,,100.0,49.0,100.0,False,False,True,False,fitted_model_reference
NREL_WTK_site20092_Arizona-Apache_class3_16MW_2007-2013,Arizona-Apache_class3,reference_model,2,nrel_wtk,onshore,14,GE 1.6-100,,,100.0,48.7,100.0,False,False,False,False,fitted_model_reference
NREL_WTK_site20092_Arizona-Apache_class3_16MW_2007-2013,Arizona-Apache_class3,reference_model,3,nrel_wtk,onshore,14,REpower 3.2M114,,,114.0,55.5,100.0,False,False,True,False,fitted_model_reference
NREL_WTK_site22664_Arkansas-Washington_class3_16MW_2007-2013,Arkansas-Washington_class3,unit_group,1,nrel_wtk,onshore,15,IEC Class 3 power curve,8.0,2000.0,,,100.0,False,False,False,False,virtual_turbine
NREL_WTK_site22664_Arkansas-Washington_class3_16MW_2007-2013,Arkansas-Washington_class3,reference_model,1,nrel_wtk,onshore,15,Vestas V100-1.8,,,100.0,49.0,100.0,False,False,True,False,fitted_model_reference
NREL_WTK_site22664_Arkansas-Washington_class3_16MW_2007-2013,Arkansas-Washington_class3,reference_model,2,nrel_wtk,onshore,15,GE 1.6-100,,,100.0,48.7,100.0,False,False,False,False,fitted_model_reference
NREL_WTK_site22664_Arkansas-Washington_class3_16MW_2007-2013,Arkansas-Washington_class3,reference_model,3,nrel_wtk,onshore,15,REpower 3.2M114,,,114.0,55.5,100.0,False,False,True,False,fitted_model_reference
NREL_WTK_site24924_Atlantic-Offshore_16MW_2007-2013,Atlantic-Offshore,unit_group,1,nrel_wtk,offshore,16,offshore power curve,8.0,2000.0,,,100.0,False,False,False,False,virtual_turbine
NREL_WTK_site24924_Atlantic-Offshore_16MW_2007-2013,Atlantic-Offshore,reference_model,1,nrel_wtk,offshore,16,Siemens SWT-3.6-107,,,107.0,52.0,100.0,False,False,False,False,fitted_model_reference
NREL_WTK_site24924_Atlantic-Offshore_16MW_2007-2013,Atlantic-Offshore,reference_model,2,nrel_wtk,offshore,16,GE 4.1-113,,,113.0,55.0,100.0,False,False,True,False,fitted_model_reference
NREL_WTK_site24924_Atlantic-Offshore_16MW_2007-2013,Atlantic-Offshore,reference_model,3,nrel_wtk,offshore,16,REpower 6M,,,126.0,61.5,100.0,False,False,False,False,fitted_model_reference
NREL_WTK_site26558_Oklahoma-Ellis_class2_16MW_2007-2013,Oklahoma-Ellis_class2,unit_group,1,nrel_wtk,onshore,17,IEC Class 2 power curve,8.0,2000.0,,,100.0,False,False,False,False,virtual_turbine
NREL_WTK_site26558_Oklahoma-Ellis_class2_16MW_2007-2013,Oklahoma-Ellis_class2,reference_model,1,nrel_wtk,onshore,17,Vestas V112-3.0,,,112.0,54.6,100.0,False,False,True,False,fitted_model_reference
NREL_WTK_site26558_Oklahoma-Ellis_class2_16MW_2007-2013,Oklahoma-Ellis_class2,reference_model,2,nrel_wtk,onshore,17,Siemens SWT-2.3-93,,,93.0,45.0,100.0,False,False,False,False,fitted_model_reference
NREL_WTK_site26558_Oklahoma-Ellis_class2_16MW_2007-2013,Oklahoma-Ellis_class2,reference_model,3,nrel_wtk,onshore,17,GE 1.6-82.5,,,82.5,40.0,100.0,False,False,True,False,fitted_model_reference
NREL_WTK_site26558_Oklahoma-Ellis_class2_16MW_2007-2013,Oklahoma-Ellis_class2,reference_model,4,nrel_wtk,onshore,17,GE 2.5XL,,,100.0,48.7,100.0,False,False,False,False,fitted_model_reference
NREL_WTK_site27707_Offshore-Pacific-CA_offshore_16MW_2007-2013,Offshore-Pacific-CA_offshore,unit_group,1,nrel_wtk,offshore,18,offshore power curve,8.0,2000.0,,,100.0,False,False,False,False,virtual_turbine
NREL_WTK_site27707_Offshore-Pacific-CA_offshore_16MW_2007-2013,Offshore-Pacific-CA_offshore,reference_model,1,nrel_wtk,offshore,18,Siemens SWT-3.6-107,,,107.0,52.0,100.0,False,False,False,False,fitted_model_reference
NREL_WTK_site27707_Offshore-Pacific-CA_offshore_16MW_2007-2013,Offshore-Pacific-CA_offshore,reference_model,2,nrel_wtk,offshore,18,GE 4.1-113,,,113.0,55.0,100.0,False,False,True,False,fitted_model_reference
NREL_WTK_site27707_Offshore-Pacific-CA_offshore_16MW_2007-2013,Offshore-Pacific-CA_offshore,reference_model,3,nrel_wtk,offshore,18,REpower 6M,,,126.0,61.5,100.0,False,False,False,False,fitted_model_reference
NREL_WTK_site29477_NorthCarolina-Carteret_class2_16MW_2007-2013,NorthCarolina-Carteret_class2,unit_group,1,nrel_wtk,onshore,19,IEC Class 2 power curve,8.0,2000.0,,,100.0,False,False,False,False,virtual_turbine
NREL_WTK_site29477_NorthCarolina-Carteret_class2_16MW_2007-2013,NorthCarolina-Carteret_class2,reference_model,1,nrel_wtk,onshore,19,Vestas V112-3.0,,,112.0,54.6,100.0,False,False,True,False,fitted_model_reference
NREL_WTK_site29477_NorthCarolina-Carteret_class2_16MW_2007-2013,NorthCarolina-Carteret_class2,reference_model,2,nrel_wtk,onshore,19,Siemens SWT-2.3-93,,,93.0,45.0,100.0,False,False,False,False,fitted_model_reference
NREL_WTK_site29477_NorthCarolina-Carteret_class2_16MW_2007-2013,NorthCarolina-Carteret_class2,reference_model,3,nrel_wtk,onshore,19,GE 1.6-82.5,,,82.5,40.0,100.0,False,False,True,False,fitted_model_reference
NREL_WTK_site29477_NorthCarolina-Carteret_class2_16MW_2007-2013,NorthCarolina-Carteret_class2,reference_model,4,nrel_wtk,onshore,19,GE 2.5XL,,,100.0,48.7,100.0,False,False,False,False,fitted_model_reference
NREL_WTK_site29715_Tennessee-Campbell_class3_8MW_2007-2013,Tennessee-Campbell_class3,unit_group,1,nrel_wtk,onshore,20,IEC Class 3 power curve,4.0,2000.0,,,100.0,False,False,False,False,virtual_turbine
NREL_WTK_site29715_Tennessee-Campbell_class3_8MW_2007-2013,Tennessee-Campbell_class3,reference_model,1,nrel_wtk,onshore,20,Vestas V100-1.8,,,100.0,49.0,100.0,False,False,True,False,fitted_model_reference
NREL_WTK_site29715_Tennessee-Campbell_class3_8MW_2007-2013,Tennessee-Campbell_class3,reference_model,2,nrel_wtk,onshore,20,GE 1.6-100,,,100.0,48.7,100.0,False,False,False,False,fitted_model_reference
NREL_WTK_site29715_Tennessee-Campbell_class3_8MW_2007-2013,Tennessee-Campbell_class3,reference_model,3,nrel_wtk,onshore,20,REpower 3.2M114,,,114.0,55.5,100.0,False,False,True,False,fitted_model_reference
NREL_WTK_site3044_Offshore-Gulf-LA_offshore_16MW_2007-2013,Offshore-Gulf-LA_offshore,unit_group,1,nrel_wtk,offshore,21,offshore power curve,8.0,2000.0,,,100.0,False,False,False,False,virtual_turbine
NREL_WTK_site3044_Offshore-Gulf-LA_offshore_16MW_2007-2013,Offshore-Gulf-LA_offshore,reference_model,1,nrel_wtk,offshore,21,Siemens SWT-3.6-107,,,107.0,52.0,100.0,False,False,False,False,fitted_model_reference
NREL_WTK_site3044_Offshore-Gulf-LA_offshore_16MW_2007-2013,Offshore-Gulf-LA_offshore,reference_model,2,nrel_wtk,offshore,21,GE 4.1-113,,,113.0,55.0,100.0,False,False,True,False,fitted_model_reference
NREL_WTK_site3044_Offshore-Gulf-LA_offshore_16MW_2007-2013,Offshore-Gulf-LA_offshore,reference_model,3,nrel_wtk,offshore,21,REpower 6M,,,126.0,61.5,100.0,False,False,False,False,fitted_model_reference
NREL_WTK_site31505_NewMexico-Union_class2_12MW_2007-2013,NewMexico-Union_class2,unit_group,1,nrel_wtk,onshore,22,IEC Class 2 power curve,6.0,2000.0,,,100.0,False,False,False,False,virtual_turbine
NREL_WTK_site31505_NewMexico-Union_class2_12MW_2007-2013,NewMexico-Union_class2,reference_model,1,nrel_wtk,onshore,22,Vestas V112-3.0,,,112.0,54.6,100.0,False,False,True,False,fitted_model_reference
NREL_WTK_site31505_NewMexico-Union_class2_12MW_2007-2013,NewMexico-Union_class2,reference_model,2,nrel_wtk,onshore,22,Siemens SWT-2.3-93,,,93.0,45.0,100.0,False,False,False,False,fitted_model_reference
NREL_WTK_site31505_NewMexico-Union_class2_12MW_2007-2013,NewMexico-Union_class2,reference_model,3,nrel_wtk,onshore,22,GE 1.6-82.5,,,82.5,40.0,100.0,False,False,True,False,fitted_model_reference
NREL_WTK_site31505_NewMexico-Union_class2_12MW_2007-2013,NewMexico-Union_class2,reference_model,4,nrel_wtk,onshore,22,GE 2.5XL,,,100.0,48.7,100.0,False,False,False,False,fitted_model_reference
NREL_WTK_site33345_California-SanBernardino_class2_16MW_2007-2013,California-SanBernardino_class2,unit_group,1,nrel_wtk,onshore,23,IEC Class 2 power curve,8.0,2000.0,,,100.0,False,False,False,False,virtual_turbine
NREL_WTK_site33345_California-SanBernardino_class2_16MW_2007-2013,California-SanBernardino_class2,reference_model,1,nrel_wtk,onshore,23,Vestas V112-3.0,,,112.0,54.6,100.0,False,False,True,False,fitted_model_reference
NREL_WTK_site33345_California-SanBernardino_class2_16MW_2007-2013,California-SanBernardino_class2,reference_model,2,nrel_wtk,onshore,23,Siemens SWT-2.3-93,,,93.0,45.0,100.0,False,False,False,False,fitted_model_reference
NREL_WTK_site33345_California-SanBernardino_class2_16MW_2007-2013,California-SanBernardino_class2,reference_model,3,nrel_wtk,onshore,23,GE 1.6-82.5,,,82.5,40.0,100.0,False,False,True,False,fitted_model_reference
NREL_WTK_site33345_California-SanBernardino_class2_16MW_2007-2013,California-SanBernardino_class2,reference_model,4,nrel_wtk,onshore,23,GE 2.5XL,,,100.0,48.7,100.0,False,False,False,False,fitted_model_reference
NREL_WTK_site34260_Offshore-NC-OuterBanks_offshore_16MW_2007-2013,Offshore-NC-OuterBanks_offshore,unit_group,1,nrel_wtk,offshore,24,offshore power curve,8.0,2000.0,,,100.0,False,False,False,False,virtual_turbine
NREL_WTK_site34260_Offshore-NC-OuterBanks_offshore_16MW_2007-2013,Offshore-NC-OuterBanks_offshore,reference_model,1,nrel_wtk,offshore,24,Siemens SWT-3.6-107,,,107.0,52.0,100.0,False,False,False,False,fitted_model_reference
NREL_WTK_site34260_Offshore-NC-OuterBanks_offshore_16MW_2007-2013,Offshore-NC-OuterBanks_offshore,reference_model,2,nrel_wtk,offshore,24,GE 4.1-113,,,113.0,55.0,100.0,False,False,True,False,fitted_model_reference
NREL_WTK_site34260_Offshore-NC-OuterBanks_offshore_16MW_2007-2013,Offshore-NC-OuterBanks_offshore,reference_model,3,nrel_wtk,offshore,24,REpower 6M,,,126.0,61.5,100.0,False,False,False,False,fitted_model_reference
NREL_WTK_site34947_Kansas-Kiowa_class1_2MW_2007-2013,Kansas-Kiowa_class1,unit_group,1,nrel_wtk,onshore,25,IEC Class 1 power curve,1.0,2000.0,,,100.0,False,False,False,False,virtual_turbine
NREL_WTK_site34947_Kansas-Kiowa_class1_2MW_2007-2013,Kansas-Kiowa_class1,reference_model,1,nrel_wtk,onshore,25,Siemens SWT-3.0-101,,,101.0,49.0,100.0,False,False,False,False,fitted_model_reference
NREL_WTK_site34947_Kansas-Kiowa_class1_2MW_2007-2013,Kansas-Kiowa_class1,reference_model,2,nrel_wtk,onshore,25,Gamesa G80-2.0,,,80.0,39.0,100.0,False,False,True,False,fitted_model_reference
NREL_WTK_site34947_Kansas-Kiowa_class1_2MW_2007-2013,Kansas-Kiowa_class1,reference_model,3,nrel_wtk,onshore,25,Nordex N90 HS,,,90.0,43.8,100.0,False,False,True,False,fitted_model_reference
NREL_WTK_site34947_Kansas-Kiowa_class1_2MW_2007-2013,Kansas-Kiowa_class1,reference_model,4,nrel_wtk,onshore,25,Vestas V90-3.0,,,90.0,44.0,100.0,False,False,False,False,fitted_model_reference
NREL_WTK_site38019_Virginia-Patrick_class1_4MW_2007-2013,Virginia-Patrick_class1,unit_group,1,nrel_wtk,onshore,26,IEC Class 1 power curve,2.0,2000.0,,,100.0,False,False,False,False,virtual_turbine
NREL_WTK_site38019_Virginia-Patrick_class1_4MW_2007-2013,Virginia-Patrick_class1,reference_model,1,nrel_wtk,onshore,26,Siemens SWT-3.0-101,,,101.0,49.0,100.0,False,False,False,False,fitted_model_reference
NREL_WTK_site38019_Virginia-Patrick_class1_4MW_2007-2013,Virginia-Patrick_class1,reference_model,2,nrel_wtk,onshore,26,Gamesa G80-2.0,,,80.0,39.0,100.0,False,False,True,False,fitted_model_reference
NREL_WTK_site38019_Virginia-Patrick_class1_4MW_2007-2013,Virginia-Patrick_class1,reference_model,3,nrel_wtk,onshore,26,Nordex N90 HS,,,90.0,43.8,100.0,False,False,True,False,fitted_model_reference
NREL_WTK_site38019_Virginia-Patrick_class1_4MW_2007-2013,Virginia-Patrick_class1,reference_model,4,nrel_wtk,onshore,26,Vestas V90-3.0,,,90.0,44.0,100.0,False,False,False,False,fitted_model_reference
NREL_WTK_site38405_Kansas-Hodgeman_class2_6MW_2007-2013,Kansas-Hodgeman_class2,unit_group,1,nrel_wtk,onshore,27,IEC Class 2 power curve,3.0,2000.0,,,100.0,False,False,False,False,virtual_turbine
NREL_WTK_site38405_Kansas-Hodgeman_class2_6MW_2007-2013,Kansas-Hodgeman_class2,reference_model,1,nrel_wtk,onshore,27,Vestas V112-3.0,,,112.0,54.6,100.0,False,False,True,False,fitted_model_reference
NREL_WTK_site38405_Kansas-Hodgeman_class2_6MW_2007-2013,Kansas-Hodgeman_class2,reference_model,2,nrel_wtk,onshore,27,Siemens SWT-2.3-93,,,93.0,45.0,100.0,False,False,False,False,fitted_model_reference
NREL_WTK_site38405_Kansas-Hodgeman_class2_6MW_2007-2013,Kansas-Hodgeman_class2,reference_model,3,nrel_wtk,onshore,27,GE 1.6-82.5,,,82.5,40.0,100.0,False,False,True,False,fitted_model_reference
NREL_WTK_site38405_Kansas-Hodgeman_class2_6MW_2007-2013,Kansas-Hodgeman_class2,reference_model,4,nrel_wtk,onshore,27,GE 2.5XL,,,100.0,48.7,100.0,False,False,False,False,fitted_model_reference
NREL_WTK_site39062_Kentucky-Madison_class3_16MW_2007-2013,Kentucky-Madison_class3,unit_group,1,nrel_wtk,onshore,28,IEC Class 3 power curve,8.0,2000.0,,,100.0,False,False,False,False,virtual_turbine
NREL_WTK_site39062_Kentucky-Madison_class3_16MW_2007-2013,Kentucky-Madison_class3,reference_model,1,nrel_wtk,onshore,28,Vestas V100-1.8,,,100.0,49.0,100.0,False,False,True,False,fitted_model_reference
NREL_WTK_site39062_Kentucky-Madison_class3_16MW_2007-2013,Kentucky-Madison_class3,reference_model,2,nrel_wtk,onshore,28,GE 1.6-100,,,100.0,48.7,100.0,False,False,False,False,fitted_model_reference
NREL_WTK_site39062_Kentucky-Madison_class3_16MW_2007-2013,Kentucky-Madison_class3,reference_model,3,nrel_wtk,onshore,28,REpower 3.2M114,,,114.0,55.5,100.0,False,False,True,False,fitted_model_reference
NREL_WTK_site39241_Kansas-Chase_class2_16MW_2007-2013,Kansas-Chase_class2,unit_group,1,nrel_wtk,onshore,29,IEC Class 2 power curve,8.0,2000.0,,,100.0,False,False,False,False,virtual_turbine
NREL_WTK_site39241_Kansas-Chase_class2_16MW_2007-2013,Kansas-Chase_class2,reference_model,1,nrel_wtk,onshore,29,Vestas V112-3.0,,,112.0,54.6,100.0,False,False,True,False,fitted_model_reference
NREL_WTK_site39241_Kansas-Chase_class2_16MW_2007-2013,Kansas-Chase_class2,reference_model,2,nrel_wtk,onshore,29,Siemens SWT-2.3-93,,,93.0,45.0,100.0,False,False,False,False,fitted_model_reference
NREL_WTK_site39241_Kansas-Chase_class2_16MW_2007-2013,Kansas-Chase_class2,reference_model,3,nrel_wtk,onshore,29,GE 1.6-82.5,,,82.5,40.0,100.0,False,False,True,False,fitted_model_reference
NREL_WTK_site39241_Kansas-Chase_class2_16MW_2007-2013,Kansas-Chase_class2,reference_model,4,nrel_wtk,onshore,29,GE 2.5XL,,,100.0,48.7,100.0,False,False,False,False,fitted_model_reference
NREL_WTK_site39992_Virginia-Roanoke_class2_14MW_2007-2013,Virginia-Roanoke_class2,unit_group,1,nrel_wtk,onshore,30,IEC Class 2 power curve,7.0,2000.0,,,100.0,False,False,False,False,virtual_turbine
NREL_WTK_site39992_Virginia-Roanoke_class2_14MW_2007-2013,Virginia-Roanoke_class2,reference_model,1,nrel_wtk,onshore,30,Vestas V112-3.0,,,112.0,54.6,100.0,False,False,True,False,fitted_model_reference
NREL_WTK_site39992_Virginia-Roanoke_class2_14MW_2007-2013,Virginia-Roanoke_class2,reference_model,2,nrel_wtk,onshore,30,Siemens SWT-2.3-93,,,93.0,45.0,100.0,False,False,False,False,fitted_model_reference
NREL_WTK_site39992_Virginia-Roanoke_class2_14MW_2007-2013,Virginia-Roanoke_class2,reference_model,3,nrel_wtk,onshore,30,GE 1.6-82.5,,,82.5,40.0,100.0,False,False,True,False,fitted_model_reference
NREL_WTK_site39992_Virginia-Roanoke_class2_14MW_2007-2013,Virginia-Roanoke_class2,reference_model,4,nrel_wtk,onshore,30,GE 2.5XL,,,100.0,48.7,100.0,False,False,False,False,fitted_model_reference
NREL_WTK_site41012_Offshore-Virginia_offshore_16MW_2007-2013,Offshore-Virginia_offshore,unit_group,1,nrel_wtk,offshore,31,offshore power curve,8.0,2000.0,,,100.0,False,False,False,False,virtual_turbine
NREL_WTK_site41012_Offshore-Virginia_offshore_16MW_2007-2013,Offshore-Virginia_offshore,reference_model,1,nrel_wtk,offshore,31,Siemens SWT-3.6-107,,,107.0,52.0,100.0,False,False,False,False,fitted_model_reference
NREL_WTK_site41012_Offshore-Virginia_offshore_16MW_2007-2013,Offshore-Virginia_offshore,reference_model,2,nrel_wtk,offshore,31,GE 4.1-113,,,113.0,55.0,100.0,False,False,True,False,fitted_model_reference
NREL_WTK_site41012_Offshore-Virginia_offshore_16MW_2007-2013,Offshore-Virginia_offshore,reference_model,3,nrel_wtk,offshore,31,REpower 6M,,,126.0,61.5,100.0,False,False,False,False,fitted_model_reference
NREL_WTK_site43337_Kansas-Gove_class2_16MW_2007-2013,Kansas-Gove_class2,unit_group,1,nrel_wtk,onshore,32,IEC Class 2 power curve,8.0,2000.0,,,100.0,False,False,False,False,virtual_turbine
NREL_WTK_site43337_Kansas-Gove_class2_16MW_2007-2013,Kansas-Gove_class2,reference_model,1,nrel_wtk,onshore,32,Vestas V112-3.0,,,112.0,54.6,100.0,False,False,True,False,fitted_model_reference
NREL_WTK_site43337_Kansas-Gove_class2_16MW_2007-2013,Kansas-Gove_class2,reference_model,2,nrel_wtk,onshore,32,Siemens SWT-2.3-93,,,93.0,45.0,100.0,False,False,False,False,fitted_model_reference
NREL_WTK_site43337_Kansas-Gove_class2_16MW_2007-2013,Kansas-Gove_class2,reference_model,3,nrel_wtk,onshore,32,GE 1.6-82.5,,,82.5,40.0,100.0,False,False,True,False,fitted_model_reference
NREL_WTK_site43337_Kansas-Gove_class2_16MW_2007-2013,Kansas-Gove_class2,reference_model,4,nrel_wtk,onshore,32,GE 2.5XL,,,100.0,48.7,100.0,False,False,False,False,fitted_model_reference
NREL_WTK_site44258_Colorado-ElPaso_class2_16MW_2007-2013,Colorado-ElPaso_class2,unit_group,1,nrel_wtk,onshore,33,IEC Class 2 power curve,8.0,2000.0,,,100.0,False,False,False,False,virtual_turbine
NREL_WTK_site44258_Colorado-ElPaso_class2_16MW_2007-2013,Colorado-ElPaso_class2,reference_model,1,nrel_wtk,onshore,33,Vestas V112-3.0,,,112.0,54.6,100.0,False,False,True,False,fitted_model_reference
NREL_WTK_site44258_Colorado-ElPaso_class2_16MW_2007-2013,Colorado-ElPaso_class2,reference_model,2,nrel_wtk,onshore,33,Siemens SWT-2.3-93,,,93.0,45.0,100.0,False,False,False,False,fitted_model_reference
NREL_WTK_site44258_Colorado-ElPaso_class2_16MW_2007-2013,Colorado-ElPaso_class2,reference_model,3,nrel_wtk,onshore,33,GE 1.6-82.5,,,82.5,40.0,100.0,False,False,True,False,fitted_model_reference
NREL_WTK_site44258_Colorado-ElPaso_class2_16MW_2007-2013,Colorado-ElPaso_class2,reference_model,4,nrel_wtk,onshore,33,GE 2.5XL,,,100.0,48.7,100.0,False,False,False,False,fitted_model_reference
NREL_WTK_site44404_Utah-Wayne_class1_2MW_2007-2013,Utah-Wayne_class1,unit_group,1,nrel_wtk,onshore,34,IEC Class 1 power curve,1.0,2000.0,,,100.0,False,False,False,False,virtual_turbine
NREL_WTK_site44404_Utah-Wayne_class1_2MW_2007-2013,Utah-Wayne_class1,reference_model,1,nrel_wtk,onshore,34,Siemens SWT-3.0-101,,,101.0,49.0,100.0,False,False,False,False,fitted_model_reference
NREL_WTK_site44404_Utah-Wayne_class1_2MW_2007-2013,Utah-Wayne_class1,reference_model,2,nrel_wtk,onshore,34,Gamesa G80-2.0,,,80.0,39.0,100.0,False,False,True,False,fitted_model_reference
NREL_WTK_site44404_Utah-Wayne_class1_2MW_2007-2013,Utah-Wayne_class1,reference_model,3,nrel_wtk,onshore,34,Nordex N90 HS,,,90.0,43.8,100.0,False,False,True,False,fitted_model_reference
NREL_WTK_site44404_Utah-Wayne_class1_2MW_2007-2013,Utah-Wayne_class1,reference_model,4,nrel_wtk,onshore,34,Vestas V90-3.0,,,90.0,44.0,100.0,False,False,False,False,fitted_model_reference
NREL_WTK_site4477_Louisiana-Plaquemines_class2_16MW_2007-2013,Louisiana-Plaquemines_class2,unit_group,1,nrel_wtk,onshore,35,IEC Class 2 power curve,8.0,2000.0,,,100.0,False,False,False,False,virtual_turbine
NREL_WTK_site4477_Louisiana-Plaquemines_class2_16MW_2007-2013,Louisiana-Plaquemines_class2,reference_model,1,nrel_wtk,onshore,35,Vestas V112-3.0,,,112.0,54.6,100.0,False,False,True,False,fitted_model_reference
NREL_WTK_site4477_Louisiana-Plaquemines_class2_16MW_2007-2013,Louisiana-Plaquemines_class2,reference_model,2,nrel_wtk,onshore,35,Siemens SWT-2.3-93,,,93.0,45.0,100.0,False,False,False,False,fitted_model_reference
NREL_WTK_site4477_Louisiana-Plaquemines_class2_16MW_2007-2013,Louisiana-Plaquemines_class2,reference_model,3,nrel_wtk,onshore,35,GE 1.6-82.5,,,82.5,40.0,100.0,False,False,True,False,fitted_model_reference
NREL_WTK_site4477_Louisiana-Plaquemines_class2_16MW_2007-2013,Louisiana-Plaquemines_class2,reference_model,4,nrel_wtk,onshore,35,GE 2.5XL,,,100.0,48.7,100.0,False,False,False,False,fitted_model_reference
NREL_WTK_site48642_Nevada-Lincoln_class2_14MW_2007-2013,Nevada-Lincoln_class2,unit_group,1,nrel_wtk,onshore,36,IEC Class 2 power curve,7.0,2000.0,,,100.0,False,False,False,False,virtual_turbine
NREL_WTK_site48642_Nevada-Lincoln_class2_14MW_2007-2013,Nevada-Lincoln_class2,reference_model,1,nrel_wtk,onshore,36,Vestas V112-3.0,,,112.0,54.6,100.0,False,False,True,False,fitted_model_reference
NREL_WTK_site48642_Nevada-Lincoln_class2_14MW_2007-2013,Nevada-Lincoln_class2,reference_model,2,nrel_wtk,onshore,36,Siemens SWT-2.3-93,,,93.0,45.0,100.0,False,False,False,False,fitted_model_reference
NREL_WTK_site48642_Nevada-Lincoln_class2_14MW_2007-2013,Nevada-Lincoln_class2,reference_model,3,nrel_wtk,onshore,36,GE 1.6-82.5,,,82.5,40.0,100.0,False,False,True,False,fitted_model_reference
NREL_WTK_site48642_Nevada-Lincoln_class2_14MW_2007-2013,Nevada-Lincoln_class2,reference_model,4,nrel_wtk,onshore,36,GE 2.5XL,,,100.0,48.7,100.0,False,False,False,False,fitted_model_reference
NREL_WTK_site48998_WestVirginia-Randolph_class3_10MW_2007-2013,WestVirginia-Randolph_class3,unit_group,1,nrel_wtk,onshore,37,IEC Class 3 power curve,5.0,2000.0,,,100.0,False,False,False,False,virtual_turbine
NREL_WTK_site48998_WestVirginia-Randolph_class3_10MW_2007-2013,WestVirginia-Randolph_class3,reference_model,1,nrel_wtk,onshore,37,Vestas V100-1.8,,,100.0,49.0,100.0,False,False,True,False,fitted_model_reference
NREL_WTK_site48998_WestVirginia-Randolph_class3_10MW_2007-2013,WestVirginia-Randolph_class3,reference_model,2,nrel_wtk,onshore,37,GE 1.6-100,,,100.0,48.7,100.0,False,False,False,False,fitted_model_reference
NREL_WTK_site48998_WestVirginia-Randolph_class3_10MW_2007-2013,WestVirginia-Randolph_class3,reference_model,3,nrel_wtk,onshore,37,REpower 3.2M114,,,114.0,55.5,100.0,False,False,True,False,fitted_model_reference
NREL_WTK_site49033_Utah-Millard_class2_10MW_2007-2013,Utah-Millard_class2,unit_group,1,nrel_wtk,onshore,38,IEC Class 2 power curve,5.0,2000.0,,,100.0,False,False,False,False,virtual_turbine
NREL_WTK_site49033_Utah-Millard_class2_10MW_2007-2013,Utah-Millard_class2,reference_model,1,nrel_wtk,onshore,38,Vestas V112-3.0,,,112.0,54.6,100.0,False,False,True,False,fitted_model_reference
NREL_WTK_site49033_Utah-Millard_class2_10MW_2007-2013,Utah-Millard_class2,reference_model,2,nrel_wtk,onshore,38,Siemens SWT-2.3-93,,,93.0,45.0,100.0,False,False,False,False,fitted_model_reference
NREL_WTK_site49033_Utah-Millard_class2_10MW_2007-2013,Utah-Millard_class2,reference_model,3,nrel_wtk,onshore,38,GE 1.6-82.5,,,82.5,40.0,100.0,False,False,True,False,fitted_model_reference
NREL_WTK_site49033_Utah-Millard_class2_10MW_2007-2013,Utah-Millard_class2,reference_model,4,nrel_wtk,onshore,38,GE 2.5XL,,,100.0,48.7,100.0,False,False,False,False,fitted_model_reference
NREL_WTK_site50527_WestVirginia-Grant_class1_4MW_2007-2013,WestVirginia-Grant_class1,unit_group,1,nrel_wtk,onshore,39,IEC Class 1 power curve,2.0,2000.0,,,100.0,False,False,False,False,virtual_turbine
NREL_WTK_site50527_WestVirginia-Grant_class1_4MW_2007-2013,WestVirginia-Grant_class1,reference_model,1,nrel_wtk,onshore,39,Siemens SWT-3.0-101,,,101.0,49.0,100.0,False,False,False,False,fitted_model_reference
NREL_WTK_site50527_WestVirginia-Grant_class1_4MW_2007-2013,WestVirginia-Grant_class1,reference_model,2,nrel_wtk,onshore,39,Gamesa G80-2.0,,,80.0,39.0,100.0,False,False,True,False,fitted_model_reference
NREL_WTK_site50527_WestVirginia-Grant_class1_4MW_2007-2013,WestVirginia-Grant_class1,reference_model,3,nrel_wtk,onshore,39,Nordex N90 HS,,,90.0,43.8,100.0,False,False,True,False,fitted_model_reference
NREL_WTK_site50527_WestVirginia-Grant_class1_4MW_2007-2013,WestVirginia-Grant_class1,reference_model,4,nrel_wtk,onshore,39,Vestas V90-3.0,,,90.0,44.0,100.0,False,False,False,False,fitted_model_reference
NREL_WTK_site51774_Missouri-Putnam_class3_12MW_2007-2013,Missouri-Putnam_class3,unit_group,1,nrel_wtk,onshore,40,IEC Class 3 power curve,6.0,2000.0,,,100.0,False,False,False,False,virtual_turbine
NREL_WTK_site51774_Missouri-Putnam_class3_12MW_2007-2013,Missouri-Putnam_class3,reference_model,1,nrel_wtk,onshore,40,Vestas V100-1.8,,,100.0,49.0,100.0,False,False,True,False,fitted_model_reference
NREL_WTK_site51774_Missouri-Putnam_class3_12MW_2007-2013,Missouri-Putnam_class3,reference_model,2,nrel_wtk,onshore,40,GE 1.6-100,,,100.0,48.7,100.0,False,False,False,False,fitted_model_reference
NREL_WTK_site51774_Missouri-Putnam_class3_12MW_2007-2013,Missouri-Putnam_class3,reference_model,3,nrel_wtk,onshore,40,REpower 3.2M114,,,114.0,55.5,100.0,False,False,True,False,fitted_model_reference
NREL_WTK_site51833_Indiana-Boone_class3_16MW_2007-2013,Indiana-Boone_class3,unit_group,1,nrel_wtk,onshore,41,IEC Class 3 power curve,8.0,2000.0,,,100.0,False,False,False,False,virtual_turbine
NREL_WTK_site51833_Indiana-Boone_class3_16MW_2007-2013,Indiana-Boone_class3,reference_model,1,nrel_wtk,onshore,41,Vestas V100-1.8,,,100.0,49.0,100.0,False,False,True,False,fitted_model_reference
NREL_WTK_site51833_Indiana-Boone_class3_16MW_2007-2013,Indiana-Boone_class3,reference_model,2,nrel_wtk,onshore,41,GE 1.6-100,,,100.0,48.7,100.0,False,False,False,False,fitted_model_reference
NREL_WTK_site51833_Indiana-Boone_class3_16MW_2007-2013,Indiana-Boone_class3,reference_model,3,nrel_wtk,onshore,41,REpower 3.2M114,,,114.0,55.5,100.0,False,False,True,False,fitted_model_reference
NREL_WTK_site54272_Maryland-Garrett_class2_16MW_2007-2013,Maryland-Garrett_class2,unit_group,1,nrel_wtk,onshore,42,IEC Class 2 power curve,8.0,2000.0,,,100.0,False,False,False,False,virtual_turbine
NREL_WTK_site54272_Maryland-Garrett_class2_16MW_2007-2013,Maryland-Garrett_class2,reference_model,1,nrel_wtk,onshore,42,Vestas V112-3.0,,,112.0,54.6,100.0,False,False,True,False,fitted_model_reference
NREL_WTK_site54272_Maryland-Garrett_class2_16MW_2007-2013,Maryland-Garrett_class2,reference_model,2,nrel_wtk,onshore,42,Siemens SWT-2.3-93,,,93.0,45.0,100.0,False,False,False,False,fitted_model_reference
NREL_WTK_site54272_Maryland-Garrett_class2_16MW_2007-2013,Maryland-Garrett_class2,reference_model,3,nrel_wtk,onshore,42,GE 1.6-82.5,,,82.5,40.0,100.0,False,False,True,False,fitted_model_reference
NREL_WTK_site54272_Maryland-Garrett_class2_16MW_2007-2013,Maryland-Garrett_class2,reference_model,4,nrel_wtk,onshore,42,GE 2.5XL,,,100.0,48.7,100.0,False,False,False,False,fitted_model_reference
NREL_WTK_site55701_Delaware-Sussex_class3_16MW_2007-2013,Delaware-Sussex_class3,unit_group,1,nrel_wtk,onshore,43,IEC Class 3 power curve,8.0,2000.0,,,100.0,False,False,False,False,virtual_turbine
NREL_WTK_site55701_Delaware-Sussex_class3_16MW_2007-2013,Delaware-Sussex_class3,reference_model,1,nrel_wtk,onshore,43,Vestas V100-1.8,,,100.0,49.0,100.0,False,False,True,False,fitted_model_reference
NREL_WTK_site55701_Delaware-Sussex_class3_16MW_2007-2013,Delaware-Sussex_class3,reference_model,2,nrel_wtk,onshore,43,GE 1.6-100,,,100.0,48.7,100.0,False,False,False,False,fitted_model_reference
NREL_WTK_site55701_Delaware-Sussex_class3_16MW_2007-2013,Delaware-Sussex_class3,reference_model,3,nrel_wtk,onshore,43,REpower 3.2M114,,,114.0,55.5,100.0,False,False,True,False,fitted_model_reference
NREL_WTK_site58040_Maryland-Garrett_class1_2MW_2007-2013,Maryland-Garrett_class1,unit_group,1,nrel_wtk,onshore,44,IEC Class 1 power curve,1.0,2000.0,,,100.0,False,False,False,False,virtual_turbine
NREL_WTK_site58040_Maryland-Garrett_class1_2MW_2007-2013,Maryland-Garrett_class1,reference_model,1,nrel_wtk,onshore,44,Siemens SWT-3.0-101,,,101.0,49.0,100.0,False,False,False,False,fitted_model_reference
NREL_WTK_site58040_Maryland-Garrett_class1_2MW_2007-2013,Maryland-Garrett_class1,reference_model,2,nrel_wtk,onshore,44,Gamesa G80-2.0,,,80.0,39.0,100.0,False,False,True,False,fitted_model_reference
NREL_WTK_site58040_Maryland-Garrett_class1_2MW_2007-2013,Maryland-Garrett_class1,reference_model,3,nrel_wtk,onshore,44,Nordex N90 HS,,,90.0,43.8,100.0,False,False,True,False,fitted_model_reference
NREL_WTK_site58040_Maryland-Garrett_class1_2MW_2007-2013,Maryland-Garrett_class1,reference_model,4,nrel_wtk,onshore,44,Vestas V90-3.0,,,90.0,44.0,100.0,False,False,False,False,fitted_model_reference
NREL_WTK_site58_Offshore-Gulf-TX_offshore_16MW_2007-2013,Offshore-Gulf-TX_offshore,unit_group,1,nrel_wtk,offshore,45,offshore power curve,8.0,2000.0,,,100.0,False,False,False,False,virtual_turbine
NREL_WTK_site58_Offshore-Gulf-TX_offshore_16MW_2007-2013,Offshore-Gulf-TX_offshore,reference_model,1,nrel_wtk,offshore,45,Siemens SWT-3.6-107,,,107.0,52.0,100.0,False,False,False,False,fitted_model_reference
NREL_WTK_site58_Offshore-Gulf-TX_offshore_16MW_2007-2013,Offshore-Gulf-TX_offshore,reference_model,2,nrel_wtk,offshore,45,GE 4.1-113,,,113.0,55.0,100.0,False,False,True,False,fitted_model_reference
NREL_WTK_site58_Offshore-Gulf-TX_offshore_16MW_2007-2013,Offshore-Gulf-TX_offshore,reference_model,3,nrel_wtk,offshore,45,REpower 6M,,,126.0,61.5,100.0,False,False,False,False,fitted_model_reference
NREL_WTK_site62251_Pennsylvania-Somerset_class1_10MW_2007-2013,Pennsylvania-Somerset_class1,unit_group,1,nrel_wtk,onshore,46,IEC Class 1 power curve,5.0,2000.0,,,100.0,False,False,False,False,virtual_turbine
NREL_WTK_site62251_Pennsylvania-Somerset_class1_10MW_2007-2013,Pennsylvania-Somerset_class1,reference_model,1,nrel_wtk,onshore,46,Siemens SWT-3.0-101,,,101.0,49.0,100.0,False,False,False,False,fitted_model_reference
NREL_WTK_site62251_Pennsylvania-Somerset_class1_10MW_2007-2013,Pennsylvania-Somerset_class1,reference_model,2,nrel_wtk,onshore,46,Gamesa G80-2.0,,,80.0,39.0,100.0,False,False,True,False,fitted_model_reference
NREL_WTK_site62251_Pennsylvania-Somerset_class1_10MW_2007-2013,Pennsylvania-Somerset_class1,reference_model,3,nrel_wtk,onshore,46,Nordex N90 HS,,,90.0,43.8,100.0,False,False,True,False,fitted_model_reference
NREL_WTK_site62251_Pennsylvania-Somerset_class1_10MW_2007-2013,Pennsylvania-Somerset_class1,reference_model,4,nrel_wtk,onshore,46,Vestas V90-3.0,,,90.0,44.0,100.0,False,False,False,False,fitted_model_reference
NREL_WTK_site65866_Nebraska-Banner_class1_12MW_2007-2013,Nebraska-Banner_class1,unit_group,1,nrel_wtk,onshore,47,IEC Class 1 power curve,6.0,2000.0,,,100.0,False,False,False,False,virtual_turbine
NREL_WTK_site65866_Nebraska-Banner_class1_12MW_2007-2013,Nebraska-Banner_class1,reference_model,1,nrel_wtk,onshore,47,Siemens SWT-3.0-101,,,101.0,49.0,100.0,False,False,False,False,fitted_model_reference
NREL_WTK_site65866_Nebraska-Banner_class1_12MW_2007-2013,Nebraska-Banner_class1,reference_model,2,nrel_wtk,onshore,47,Gamesa G80-2.0,,,80.0,39.0,100.0,False,False,True,False,fitted_model_reference
NREL_WTK_site65866_Nebraska-Banner_class1_12MW_2007-2013,Nebraska-Banner_class1,reference_model,3,nrel_wtk,onshore,47,Nordex N90 HS,,,90.0,43.8,100.0,False,False,True,False,fitted_model_reference
NREL_WTK_site65866_Nebraska-Banner_class1_12MW_2007-2013,Nebraska-Banner_class1,reference_model,4,nrel_wtk,onshore,47,Vestas V90-3.0,,,90.0,44.0,100.0,False,False,False,False,fitted_model_reference
NREL_WTK_site66923_Iowa-Audubon_class2_16MW_2007-2013,Iowa-Audubon_class2,unit_group,1,nrel_wtk,onshore,48,IEC Class 2 power curve,8.0,2000.0,,,100.0,False,False,False,False,virtual_turbine
NREL_WTK_site66923_Iowa-Audubon_class2_16MW_2007-2013,Iowa-Audubon_class2,reference_model,1,nrel_wtk,onshore,48,Vestas V112-3.0,,,112.0,54.6,100.0,False,False,True,False,fitted_model_reference
NREL_WTK_site66923_Iowa-Audubon_class2_16MW_2007-2013,Iowa-Audubon_class2,reference_model,2,nrel_wtk,onshore,48,Siemens SWT-2.3-93,,,93.0,45.0,100.0,False,False,False,False,fitted_model_reference
NREL_WTK_site66923_Iowa-Audubon_class2_16MW_2007-2013,Iowa-Audubon_class2,reference_model,3,nrel_wtk,onshore,48,GE 1.6-82.5,,,82.5,40.0,100.0,False,False,True,False,fitted_model_reference
NREL_WTK_site66923_Iowa-Audubon_class2_16MW_2007-2013,Iowa-Audubon_class2,reference_model,4,nrel_wtk,onshore,48,GE 2.5XL,,,100.0,48.7,100.0,False,False,False,False,fitted_model_reference
NREL_WTK_site67407_Nebraska-Hooker_class2_16MW_2007-2013,Nebraska-Hooker_class2,unit_group,1,nrel_wtk,onshore,49,IEC Class 2 power curve,8.0,2000.0,,,100.0,False,False,False,False,virtual_turbine
NREL_WTK_site67407_Nebraska-Hooker_class2_16MW_2007-2013,Nebraska-Hooker_class2,reference_model,1,nrel_wtk,onshore,49,Vestas V112-3.0,,,112.0,54.6,100.0,False,False,True,False,fitted_model_reference
NREL_WTK_site67407_Nebraska-Hooker_class2_16MW_2007-2013,Nebraska-Hooker_class2,reference_model,2,nrel_wtk,onshore,49,Siemens SWT-2.3-93,,,93.0,45.0,100.0,False,False,False,False,fitted_model_reference
NREL_WTK_site67407_Nebraska-Hooker_class2_16MW_2007-2013,Nebraska-Hooker_class2,reference_model,3,nrel_wtk,onshore,49,GE 1.6-82.5,,,82.5,40.0,100.0,False,False,True,False,fitted_model_reference
NREL_WTK_site67407_Nebraska-Hooker_class2_16MW_2007-2013,Nebraska-Hooker_class2,reference_model,4,nrel_wtk,onshore,49,GE 2.5XL,,,100.0,48.7,100.0,False,False,False,False,fitted_model_reference
NREL_WTK_site67639_Wyoming-Laramie_class1_10MW_2007-2013,Wyoming-Laramie_class1,unit_group,1,nrel_wtk,onshore,50,IEC Class 1 power curve,5.0,2000.0,,,100.0,False,False,False,False,virtual_turbine
NREL_WTK_site67639_Wyoming-Laramie_class1_10MW_2007-2013,Wyoming-Laramie_class1,reference_model,1,nrel_wtk,onshore,50,Siemens SWT-3.0-101,,,101.0,49.0,100.0,False,False,False,False,fitted_model_reference
NREL_WTK_site67639_Wyoming-Laramie_class1_10MW_2007-2013,Wyoming-Laramie_class1,reference_model,2,nrel_wtk,onshore,50,Gamesa G80-2.0,,,80.0,39.0,100.0,False,False,True,False,fitted_model_reference
NREL_WTK_site67639_Wyoming-Laramie_class1_10MW_2007-2013,Wyoming-Laramie_class1,reference_model,3,nrel_wtk,onshore,50,Nordex N90 HS,,,90.0,43.8,100.0,False,False,True,False,fitted_model_reference
NREL_WTK_site67639_Wyoming-Laramie_class1_10MW_2007-2013,Wyoming-Laramie_class1,reference_model,4,nrel_wtk,onshore,50,Vestas V90-3.0,,,90.0,44.0,100.0,False,False,False,False,fitted_model_reference
NREL_WTK_site67857_Ohio-Columbiana_class3_16MW_2007-2013,Ohio-Columbiana_class3,unit_group,1,nrel_wtk,onshore,51,IEC Class 3 power curve,8.0,2000.0,,,100.0,False,False,False,False,virtual_turbine
NREL_WTK_site67857_Ohio-Columbiana_class3_16MW_2007-2013,Ohio-Columbiana_class3,reference_model,1,nrel_wtk,onshore,51,Vestas V100-1.8,,,100.0,49.0,100.0,False,False,True,False,fitted_model_reference
NREL_WTK_site67857_Ohio-Columbiana_class3_16MW_2007-2013,Ohio-Columbiana_class3,reference_model,2,nrel_wtk,onshore,51,GE 1.6-100,,,100.0,48.7,100.0,False,False,False,False,fitted_model_reference
NREL_WTK_site67857_Ohio-Columbiana_class3_16MW_2007-2013,Ohio-Columbiana_class3,reference_model,3,nrel_wtk,onshore,51,REpower 3.2M114,,,114.0,55.5,100.0,False,False,True,False,fitted_model_reference
NREL_WTK_site69733_NewJersey-Ocean_class2_6MW_2007-2013,NewJersey-Ocean_class2,unit_group,1,nrel_wtk,onshore,52,IEC Class 2 power curve,3.0,2000.0,,,100.0,False,False,False,False,virtual_turbine
NREL_WTK_site69733_NewJersey-Ocean_class2_6MW_2007-2013,NewJersey-Ocean_class2,reference_model,1,nrel_wtk,onshore,52,Vestas V112-3.0,,,112.0,54.6,100.0,False,False,True,False,fitted_model_reference
NREL_WTK_site69733_NewJersey-Ocean_class2_6MW_2007-2013,NewJersey-Ocean_class2,reference_model,2,nrel_wtk,onshore,52,Siemens SWT-2.3-93,,,93.0,45.0,100.0,False,False,False,False,fitted_model_reference
NREL_WTK_site69733_NewJersey-Ocean_class2_6MW_2007-2013,NewJersey-Ocean_class2,reference_model,3,nrel_wtk,onshore,52,GE 1.6-82.5,,,82.5,40.0,100.0,False,False,True,False,fitted_model_reference
NREL_WTK_site69733_NewJersey-Ocean_class2_6MW_2007-2013,NewJersey-Ocean_class2,reference_model,4,nrel_wtk,onshore,52,GE 2.5XL,,,100.0,48.7,100.0,False,False,False,False,fitted_model_reference
NREL_WTK_site73739_Wyoming-Albany_class1_16MW_2007-2013,Wyoming-Albany_class1,unit_group,1,nrel_wtk,onshore,53,IEC Class 1 power curve,8.0,2000.0,,,100.0,False,False,False,False,virtual_turbine
NREL_WTK_site73739_Wyoming-Albany_class1_16MW_2007-2013,Wyoming-Albany_class1,reference_model,1,nrel_wtk,onshore,53,Siemens SWT-3.0-101,,,101.0,49.0,100.0,False,False,False,False,fitted_model_reference
NREL_WTK_site73739_Wyoming-Albany_class1_16MW_2007-2013,Wyoming-Albany_class1,reference_model,2,nrel_wtk,onshore,53,Gamesa G80-2.0,,,80.0,39.0,100.0,False,False,True,False,fitted_model_reference
NREL_WTK_site73739_Wyoming-Albany_class1_16MW_2007-2013,Wyoming-Albany_class1,reference_model,3,nrel_wtk,onshore,53,Nordex N90 HS,,,90.0,43.8,100.0,False,False,True,False,fitted_model_reference
NREL_WTK_site73739_Wyoming-Albany_class1_16MW_2007-2013,Wyoming-Albany_class1,reference_model,4,nrel_wtk,onshore,53,Vestas V90-3.0,,,90.0,44.0,100.0,False,False,False,False,fitted_model_reference
NREL_WTK_site77482_Illinois-McHenry_class2_16MW_2007-2013,Illinois-McHenry_class2,unit_group,1,nrel_wtk,onshore,54,IEC Class 2 power curve,8.0,2000.0,,,100.0,False,False,False,False,virtual_turbine
NREL_WTK_site77482_Illinois-McHenry_class2_16MW_2007-2013,Illinois-McHenry_class2,reference_model,1,nrel_wtk,onshore,54,Vestas V112-3.0,,,112.0,54.6,100.0,False,False,True,False,fitted_model_reference
NREL_WTK_site77482_Illinois-McHenry_class2_16MW_2007-2013,Illinois-McHenry_class2,reference_model,2,nrel_wtk,onshore,54,Siemens SWT-2.3-93,,,93.0,45.0,100.0,False,False,False,False,fitted_model_reference
NREL_WTK_site77482_Illinois-McHenry_class2_16MW_2007-2013,Illinois-McHenry_class2,reference_model,3,nrel_wtk,onshore,54,GE 1.6-82.5,,,82.5,40.0,100.0,False,False,True,False,fitted_model_reference
NREL_WTK_site77482_Illinois-McHenry_class2_16MW_2007-2013,Illinois-McHenry_class2,reference_model,4,nrel_wtk,onshore,54,GE 2.5XL,,,100.0,48.7,100.0,False,False,False,False,fitted_model_reference
NREL_WTK_site78083_Wyoming-Carbon_class1_16MW_2007-2013,Wyoming-Carbon_class1,unit_group,1,nrel_wtk,onshore,55,IEC Class 1 power curve,8.0,2000.0,,,100.0,False,False,False,False,virtual_turbine
NREL_WTK_site78083_Wyoming-Carbon_class1_16MW_2007-2013,Wyoming-Carbon_class1,reference_model,1,nrel_wtk,onshore,55,Siemens SWT-3.0-101,,,101.0,49.0,100.0,False,False,False,False,fitted_model_reference
NREL_WTK_site78083_Wyoming-Carbon_class1_16MW_2007-2013,Wyoming-Carbon_class1,reference_model,2,nrel_wtk,onshore,55,Gamesa G80-2.0,,,80.0,39.0,100.0,False,False,True,False,fitted_model_reference
NREL_WTK_site78083_Wyoming-Carbon_class1_16MW_2007-2013,Wyoming-Carbon_class1,reference_model,3,nrel_wtk,onshore,55,Nordex N90 HS,,,90.0,43.8,100.0,False,False,True,False,fitted_model_reference
NREL_WTK_site78083_Wyoming-Carbon_class1_16MW_2007-2013,Wyoming-Carbon_class1,reference_model,4,nrel_wtk,onshore,55,Vestas V90-3.0,,,90.0,44.0,100.0,False,False,False,False,fitted_model_reference
NREL_WTK_site80743_Offshore-LakeErie-OH_offshore_16MW_2007-2013,Offshore-LakeErie-OH_offshore,unit_group,1,nrel_wtk,offshore,56,offshore power curve,8.0,2000.0,,,100.0,False,False,False,False,virtual_turbine
NREL_WTK_site80743_Offshore-LakeErie-OH_offshore_16MW_2007-2013,Offshore-LakeErie-OH_offshore,reference_model,1,nrel_wtk,offshore,56,Siemens SWT-3.6-107,,,107.0,52.0,100.0,False,False,False,False,fitted_model_reference
NREL_WTK_site80743_Offshore-LakeErie-OH_offshore_16MW_2007-2013,Offshore-LakeErie-OH_offshore,reference_model,2,nrel_wtk,offshore,56,GE 4.1-113,,,113.0,55.0,100.0,False,False,True,False,fitted_model_reference
NREL_WTK_site80743_Offshore-LakeErie-OH_offshore_16MW_2007-2013,Offshore-LakeErie-OH_offshore,reference_model,3,nrel_wtk,offshore,56,REpower 6M,,,126.0,61.5,100.0,False,False,False,False,fitted_model_reference
NREL_WTK_site80793_Wyoming-Fremont_class2_16MW_2007-2013,Wyoming-Fremont_class2,unit_group,1,nrel_wtk,onshore,57,IEC Class 2 power curve,8.0,2000.0,,,100.0,False,False,False,False,virtual_turbine
NREL_WTK_site80793_Wyoming-Fremont_class2_16MW_2007-2013,Wyoming-Fremont_class2,reference_model,1,nrel_wtk,onshore,57,Vestas V112-3.0,,,112.0,54.6,100.0,False,False,True,False,fitted_model_reference
NREL_WTK_site80793_Wyoming-Fremont_class2_16MW_2007-2013,Wyoming-Fremont_class2,reference_model,2,nrel_wtk,onshore,57,Siemens SWT-2.3-93,,,93.0,45.0,100.0,False,False,False,False,fitted_model_reference
NREL_WTK_site80793_Wyoming-Fremont_class2_16MW_2007-2013,Wyoming-Fremont_class2,reference_model,3,nrel_wtk,onshore,57,GE 1.6-82.5,,,82.5,40.0,100.0,False,False,True,False,fitted_model_reference
NREL_WTK_site80793_Wyoming-Fremont_class2_16MW_2007-2013,Wyoming-Fremont_class2,reference_model,4,nrel_wtk,onshore,57,GE 2.5XL,,,100.0,48.7,100.0,False,False,False,False,fitted_model_reference
NREL_WTK_site8095_Texas-Pecos_class1_12MW_2007-2013,Texas-Pecos_class1,unit_group,1,nrel_wtk,onshore,58,IEC Class 1 power curve,6.0,2000.0,,,100.0,False,False,False,False,virtual_turbine
NREL_WTK_site8095_Texas-Pecos_class1_12MW_2007-2013,Texas-Pecos_class1,reference_model,1,nrel_wtk,onshore,58,Siemens SWT-3.0-101,,,101.0,49.0,100.0,False,False,False,False,fitted_model_reference
NREL_WTK_site8095_Texas-Pecos_class1_12MW_2007-2013,Texas-Pecos_class1,reference_model,2,nrel_wtk,onshore,58,Gamesa G80-2.0,,,80.0,39.0,100.0,False,False,True,False,fitted_model_reference
NREL_WTK_site8095_Texas-Pecos_class1_12MW_2007-2013,Texas-Pecos_class1,reference_model,3,nrel_wtk,onshore,58,Nordex N90 HS,,,90.0,43.8,100.0,False,False,True,False,fitted_model_reference
NREL_WTK_site8095_Texas-Pecos_class1_12MW_2007-2013,Texas-Pecos_class1,reference_model,4,nrel_wtk,onshore,58,Vestas V90-3.0,,,90.0,44.0,100.0,False,False,False,False,fitted_model_reference
NREL_WTK_site8181_Texas-Pecos_class2_16MW_2007-2013,Texas-Pecos_class2,unit_group,1,nrel_wtk,onshore,59,IEC Class 2 power curve,8.0,2000.0,,,100.0,False,False,False,False,virtual_turbine
NREL_WTK_site8181_Texas-Pecos_class2_16MW_2007-2013,Texas-Pecos_class2,reference_model,1,nrel_wtk,onshore,59,Vestas V112-3.0,,,112.0,54.6,100.0,False,False,True,False,fitted_model_reference
NREL_WTK_site8181_Texas-Pecos_class2_16MW_2007-2013,Texas-Pecos_class2,reference_model,2,nrel_wtk,onshore,59,Siemens SWT-2.3-93,,,93.0,45.0,100.0,False,False,False,False,fitted_model_reference
NREL_WTK_site8181_Texas-Pecos_class2_16MW_2007-2013,Texas-Pecos_class2,reference_model,3,nrel_wtk,onshore,59,GE 1.6-82.5,,,82.5,40.0,100.0,False,False,True,False,fitted_model_reference
NREL_WTK_site8181_Texas-Pecos_class2_16MW_2007-2013,Texas-Pecos_class2,reference_model,4,nrel_wtk,onshore,59,GE 2.5XL,,,100.0,48.7,100.0,False,False,False,False,fitted_model_reference
NREL_WTK_site81893_Offshore-LakeErie_offshore_16MW_2007-2013,Offshore-LakeErie_offshore,unit_group,1,nrel_wtk,offshore,60,offshore power curve,8.0,2000.0,,,100.0,False,False,False,False,virtual_turbine
NREL_WTK_site81893_Offshore-LakeErie_offshore_16MW_2007-2013,Offshore-LakeErie_offshore,reference_model,1,nrel_wtk,offshore,60,Siemens SWT-3.6-107,,,107.0,52.0,100.0,False,False,False,False,fitted_model_reference
NREL_WTK_site81893_Offshore-LakeErie_offshore_16MW_2007-2013,Offshore-LakeErie_offshore,reference_model,2,nrel_wtk,offshore,60,GE 4.1-113,,,113.0,55.0,100.0,False,False,True,False,fitted_model_reference
NREL_WTK_site81893_Offshore-LakeErie_offshore_16MW_2007-2013,Offshore-LakeErie_offshore,reference_model,3,nrel_wtk,offshore,60,REpower 6M,,,126.0,61.5,100.0,False,False,False,False,fitted_model_reference
NREL_WTK_site82617_Pennsylvania-McKean_class3_16MW_2007-2013,Pennsylvania-McKean_class3,unit_group,1,nrel_wtk,onshore,61,IEC Class 3 power curve,8.0,2000.0,,,100.0,False,False,False,False,virtual_turbine
NREL_WTK_site82617_Pennsylvania-McKean_class3_16MW_2007-2013,Pennsylvania-McKean_class3,reference_model,1,nrel_wtk,onshore,61,Vestas V100-1.8,,,100.0,49.0,100.0,False,False,True,False,fitted_model_reference
NREL_WTK_site82617_Pennsylvania-McKean_class3_16MW_2007-2013,Pennsylvania-McKean_class3,reference_model,2,nrel_wtk,onshore,61,GE 1.6-100,,,100.0,48.7,100.0,False,False,False,False,fitted_model_reference
NREL_WTK_site82617_Pennsylvania-McKean_class3_16MW_2007-2013,Pennsylvania-McKean_class3,reference_model,3,nrel_wtk,onshore,61,REpower 3.2M114,,,114.0,55.5,100.0,False,False,True,False,fitted_model_reference
NREL_WTK_site89648_Connecticut-Fairfield_class3_6MW_2007-2013,Connecticut-Fairfield_class3,unit_group,1,nrel_wtk,onshore,62,IEC Class 3 power curve,3.0,2000.0,,,100.0,False,False,False,False,virtual_turbine
NREL_WTK_site89648_Connecticut-Fairfield_class3_6MW_2007-2013,Connecticut-Fairfield_class3,reference_model,1,nrel_wtk,onshore,62,Vestas V100-1.8,,,100.0,49.0,100.0,False,False,True,False,fitted_model_reference
NREL_WTK_site89648_Connecticut-Fairfield_class3_6MW_2007-2013,Connecticut-Fairfield_class3,reference_model,2,nrel_wtk,onshore,62,GE 1.6-100,,,100.0,48.7,100.0,False,False,False,False,fitted_model_reference
NREL_WTK_site89648_Connecticut-Fairfield_class3_6MW_2007-2013,Connecticut-Fairfield_class3,reference_model,3,nrel_wtk,onshore,62,REpower 3.2M114,,,114.0,55.5,100.0,False,False,True,False,fitted_model_reference
NREL_WTK_site90195_Wyoming-Fremont_class1_14MW_2007-2013,Wyoming-Fremont_class1,unit_group,1,nrel_wtk,onshore,63,IEC Class 1 power curve,7.0,2000.0,,,100.0,False,False,False,False,virtual_turbine
NREL_WTK_site90195_Wyoming-Fremont_class1_14MW_2007-2013,Wyoming-Fremont_class1,reference_model,1,nrel_wtk,onshore,63,Siemens SWT-3.0-101,,,101.0,49.0,100.0,False,False,False,False,fitted_model_reference
NREL_WTK_site90195_Wyoming-Fremont_class1_14MW_2007-2013,Wyoming-Fremont_class1,reference_model,2,nrel_wtk,onshore,63,Gamesa G80-2.0,,,80.0,39.0,100.0,False,False,True,False,fitted_model_reference
NREL_WTK_site90195_Wyoming-Fremont_class1_14MW_2007-2013,Wyoming-Fremont_class1,reference_model,3,nrel_wtk,onshore,63,Nordex N90 HS,,,90.0,43.8,100.0,False,False,True,False,fitted_model_reference
NREL_WTK_site90195_Wyoming-Fremont_class1_14MW_2007-2013,Wyoming-Fremont_class1,reference_model,4,nrel_wtk,onshore,63,Vestas V90-3.0,,,90.0,44.0,100.0,False,False,False,False,fitted_model_reference
NREL_WTK_site90762_Wisconsin-Washington_class3_10MW_2007-2013,Wisconsin-Washington_class3,unit_group,1,nrel_wtk,onshore,64,IEC Class 3 power curve,5.0,2000.0,,,100.0,False,False,False,False,virtual_turbine
NREL_WTK_site90762_Wisconsin-Washington_class3_10MW_2007-2013,Wisconsin-Washington_class3,reference_model,1,nrel_wtk,onshore,64,Vestas V100-1.8,,,100.0,49.0,100.0,False,False,True,False,fitted_model_reference
NREL_WTK_site90762_Wisconsin-Washington_class3_10MW_2007-2013,Wisconsin-Washington_class3,reference_model,2,nrel_wtk,onshore,64,GE 1.6-100,,,100.0,48.7,100.0,False,False,False,False,fitted_model_reference
NREL_WTK_site90762_Wisconsin-Washington_class3_10MW_2007-2013,Wisconsin-Washington_class3,reference_model,3,nrel_wtk,onshore,64,REpower 3.2M114,,,114.0,55.5,100.0,False,False,True,False,fitted_model_reference
NREL_WTK_site91916_Idaho-TwinFalls_class2_16MW_2007-2013,Idaho-TwinFalls_class2,unit_group,1,nrel_wtk,onshore,65,IEC Class 2 power curve,8.0,2000.0,,,100.0,False,False,False,False,virtual_turbine
NREL_WTK_site91916_Idaho-TwinFalls_class2_16MW_2007-2013,Idaho-TwinFalls_class2,reference_model,1,nrel_wtk,onshore,65,Vestas V112-3.0,,,112.0,54.6,100.0,False,False,True,False,fitted_model_reference
NREL_WTK_site91916_Idaho-TwinFalls_class2_16MW_2007-2013,Idaho-TwinFalls_class2,reference_model,2,nrel_wtk,onshore,65,Siemens SWT-2.3-93,,,93.0,45.0,100.0,False,False,False,False,fitted_model_reference
NREL_WTK_site91916_Idaho-TwinFalls_class2_16MW_2007-2013,Idaho-TwinFalls_class2,reference_model,3,nrel_wtk,onshore,65,GE 1.6-82.5,,,82.5,40.0,100.0,False,False,True,False,fitted_model_reference
NREL_WTK_site91916_Idaho-TwinFalls_class2_16MW_2007-2013,Idaho-TwinFalls_class2,reference_model,4,nrel_wtk,onshore,65,GE 2.5XL,,,100.0,48.7,100.0,False,False,False,False,fitted_model_reference
NREL_WTK_site92712_Wyoming-Fremont_class1_8MW_2007-2013,Wyoming-Fremont_class1,unit_group,1,nrel_wtk,onshore,66,IEC Class 1 power curve,4.0,2000.0,,,100.0,False,False,False,False,virtual_turbine
NREL_WTK_site92712_Wyoming-Fremont_class1_8MW_2007-2013,Wyoming-Fremont_class1,reference_model,1,nrel_wtk,onshore,66,Siemens SWT-3.0-101,,,101.0,49.0,100.0,False,False,False,False,fitted_model_reference
NREL_WTK_site92712_Wyoming-Fremont_class1_8MW_2007-2013,Wyoming-Fremont_class1,reference_model,2,nrel_wtk,onshore,66,Gamesa G80-2.0,,,80.0,39.0,100.0,False,False,True,False,fitted_model_reference
NREL_WTK_site92712_Wyoming-Fremont_class1_8MW_2007-2013,Wyoming-Fremont_class1,reference_model,3,nrel_wtk,onshore,66,Nordex N90 HS,,,90.0,43.8,100.0,False,False,True,False,fitted_model_reference
NREL_WTK_site92712_Wyoming-Fremont_class1_8MW_2007-2013,Wyoming-Fremont_class1,reference_model,4,nrel_wtk,onshore,66,Vestas V90-3.0,,,90.0,44.0,100.0,False,False,False,False,fitted_model_reference
NREL_WTK_site9438_Mississippi-Simpson_class3_16MW_2007-2013,Mississippi-Simpson_class3,unit_group,1,nrel_wtk,onshore,67,IEC Class 3 power curve,8.0,2000.0,,,100.0,False,False,False,False,virtual_turbine
NREL_WTK_site9438_Mississippi-Simpson_class3_16MW_2007-2013,Mississippi-Simpson_class3,reference_model,1,nrel_wtk,onshore,67,Vestas V100-1.8,,,100.0,49.0,100.0,False,False,True,False,fitted_model_reference
NREL_WTK_site9438_Mississippi-Simpson_class3_16MW_2007-2013,Mississippi-Simpson_class3,reference_model,2,nrel_wtk,onshore,67,GE 1.6-100,,,100.0,48.7,100.0,False,False,False,False,fitted_model_reference
NREL_WTK_site9438_Mississippi-Simpson_class3_16MW_2007-2013,Mississippi-Simpson_class3,reference_model,3,nrel_wtk,onshore,67,REpower 3.2M114,,,114.0,55.5,100.0,False,False,True,False,fitted_model_reference
NREL_WTK_site96777_Offshore-NewEngland_offshore_16MW_2007-2013,Offshore-NewEngland_offshore,unit_group,1,nrel_wtk,offshore,68,offshore power curve,8.0,2000.0,,,100.0,False,False,False,False,virtual_turbine
NREL_WTK_site96777_Offshore-NewEngland_offshore_16MW_2007-2013,Offshore-NewEngland_offshore,reference_model,1,nrel_wtk,offshore,68,Siemens SWT-3.6-107,,,107.0,52.0,100.0,False,False,False,False,fitted_model_reference
NREL_WTK_site96777_Offshore-NewEngland_offshore_16MW_2007-2013,Offshore-NewEngland_offshore,reference_model,2,nrel_wtk,offshore,68,GE 4.1-113,,,113.0,55.0,100.0,False,False,True,False,fitted_model_reference
NREL_WTK_site96777_Offshore-NewEngland_offshore_16MW_2007-2013,Offshore-NewEngland_offshore,reference_model,3,nrel_wtk,offshore,68,REpower 6M,,,126.0,61.5,100.0,False,False,False,False,fitted_model_reference
NREL_WTK_site97066_Offshore-Nantucket-MA_offshore_16MW_2007-2013,Offshore-Nantucket-MA_offshore,unit_group,1,nrel_wtk,offshore,69,offshore power curve,8.0,2000.0,,,100.0,False,False,False,False,virtual_turbine
NREL_WTK_site97066_Offshore-Nantucket-MA_offshore_16MW_2007-2013,Offshore-Nantucket-MA_offshore,reference_model,1,nrel_wtk,offshore,69,Siemens SWT-3.6-107,,,107.0,52.0,100.0,False,False,False,False,fitted_model_reference
NREL_WTK_site97066_Offshore-Nantucket-MA_offshore_16MW_2007-2013,Offshore-Nantucket-MA_offshore,reference_model,2,nrel_wtk,offshore,69,GE 4.1-113,,,113.0,55.0,100.0,False,False,True,False,fitted_model_reference
NREL_WTK_site97066_Offshore-Nantucket-MA_offshore_16MW_2007-2013,Offshore-Nantucket-MA_offshore,reference_model,3,nrel_wtk,offshore,69,REpower 6M,,,126.0,61.5,100.0,False,False,False,False,fitted_model_reference
NREL_WTK_site97524_Michigan-Sanilac_class3_16MW_2007-2013,Michigan-Sanilac_class3,unit_group,1,nrel_wtk,onshore,70,IEC Class 3 power curve,8.0,2000.0,,,100.0,False,False,False,False,virtual_turbine
NREL_WTK_site97524_Michigan-Sanilac_class3_16MW_2007-2013,Michigan-Sanilac_class3,reference_model,1,nrel_wtk,onshore,70,Vestas V100-1.8,,,100.0,49.0,100.0,False,False,True,False,fitted_model_reference
NREL_WTK_site97524_Michigan-Sanilac_class3_16MW_2007-2013,Michigan-Sanilac_class3,reference_model,2,nrel_wtk,onshore,70,GE 1.6-100,,,100.0,48.7,100.0,False,False,False,False,fitted_model_reference
NREL_WTK_site97524_Michigan-Sanilac_class3_16MW_2007-2013,Michigan-Sanilac_class3,reference_model,3,nrel_wtk,onshore,70,REpower 3.2M114,,,114.0,55.5,100.0,False,False,True,False,fitted_model_reference
NREL_WTK_site98600_RhodeIsland-Kent_class3_16MW_2007-2013,RhodeIsland-Kent_class3,unit_group,1,nrel_wtk,onshore,71,IEC Class 3 power curve,8.0,2000.0,,,100.0,False,False,False,False,virtual_turbine
NREL_WTK_site98600_RhodeIsland-Kent_class3_16MW_2007-2013,RhodeIsland-Kent_class3,reference_model,1,nrel_wtk,onshore,71,Vestas V100-1.8,,,100.0,49.0,100.0,False,False,True,False,fitted_model_reference
NREL_WTK_site98600_RhodeIsland-Kent_class3_16MW_2007-2013,RhodeIsland-Kent_class3,reference_model,2,nrel_wtk,onshore,71,GE 1.6-100,,,100.0,48.7,100.0,False,False,False,False,fitted_model_reference
NREL_WTK_site98600_RhodeIsland-Kent_class3_16MW_2007-2013,RhodeIsland-Kent_class3,reference_model,3,nrel_wtk,onshore,71,REpower 3.2M114,,,114.0,55.5,100.0,False,False,True,False,fitted_model_reference
Anholt,Anholt,unit_group,1,entsoe,offshore,72,"Siemens Gamesa Renewable Energy, SWT 3.6-120",111.0,3600.0,120.0,58.5,81.6,False,False,False,False,installed_turbine
Belwind Phase 1,Belwind Phase 1,unit_group,1,entsoe,offshore,73,Vestas V90/3000,55.0,3000.0,90.0,44.0,72.0,False,False,False,False,installed_turbine
Belwind Phase 1,Belwind Phase 1,unit_group,2,entsoe,offshore,73,Alstom Haliade 150-6MW demonstrator,1.0,6000.0,150.0,73.5,100.0,False,False,False,False,installed_turbine
DK_KF_AB_GU,DK_KF_AB_GU,unit_group,1,entsoe,offshore,74,Siemens Gamesa SWT-8.4-167,72.0,8400.0,167.0,81.5,107.0,False,False,False,False,installed_turbine
Horns Rev A,Horns Rev A,unit_group,1,entsoe,offshore,75,Vestas V80/2000,80.0,2000.0,80.0,39.0,70.0,False,False,False,False,installed_turbine
Horns Rev B,Horns Rev B,unit_group,1,entsoe,offshore,76,"Siemens Gamesa Renewable Energy, SWT 2.3-93",91.0,2300.0,93.0,45.0,68.0,False,False,False,False,installed_turbine
Horns Rev C,Horns Rev C,unit_group,1,entsoe,offshore,77,Vestas V164-8.3,49.0,8300.0,164.0,80.0,105.0,False,False,False,False,installed_turbine
LARYO-1,LARYO-1,unit_group,1,entsoe,offshore,78,Siemens SWT-3.6-120,175.0,3600.0,120.0,58.5,87.0,False,False,False,False,installed_turbine
MINSW-1,MINSW-1,unit_group,1,entsoe,onshore,79,Siemens SWT-2.3-93,16.0,2300.0,93.0,45.0,73.5,False,False,False,True,installed_turbine
Roedsand 1,Roedsand 1,unit_group,1,entsoe,offshore,80,Siemens SWT-2.3-82,72.0,2300.0,82.0,40.0,69.0,False,False,False,False,installed_turbine
Roedsand 2,Roedsand 2,unit_group,1,entsoe,offshore,81,Siemens SWT-2.3-93,90.0,2300.0,93.0,45.0,68.5,False,False,False,False,installed_turbine
Thorntonbank - C-Power - Area SW,Thorntonbank - C-Power - Area SW,unit_group,1,entsoe,offshore,82,Senvion REpower 5M,6.0,5075.0,126.0,61.5,94.0,False,False,False,False,installed_turbine
Thorntonbank - C-Power - Area SW,Thorntonbank - C-Power - Area SW,unit_group,2,entsoe,offshore,82,Senvion 6.2M126,24.0,6150.0,126.0,61.5,,False,False,False,False,installed_turbine
Thorntonbank - C-Power - Area NE,Thorntonbank - C-Power - Area NE,unit_group,1,entsoe,offshore,83,Senvion 6.2M126,24.0,6150.0,126.0,61.5,,False,False,False,False,installed_turbine
UP_BDDSLDSRDI_1,UP_BDDSLDSRDI_1,unit_group,1,entsoe,onshore,84,Enercon E70/2000,69.0,2000.0,71.0,,,False,False,False,False,installed_turbine
WLNYW-1,WLNYW-1,unit_group,1,entsoe,offshore,85,Siemens SWT-3.6-107,51.0,3600.0,107.0,52.0,83.5,False,False,False,False,installed_turbine
BALDHWF1,BALDHWF1,unit_group,1,aemo,onshore,86,Senvion MM92/2050,52.0,2050.0,92.5,45.2,80.0,False,False,True,False,installed_turbine
BLUFF1,BLUFF1,unit_group,1,aemo,onshore,87,Vestas V66-1.75,37.0,1750.0,66.0,32.0,60.0,False,False,False,False,installed_turbine
BOCORWF1,BOCORWF1,unit_group,1,aemo,onshore,88,GE 1.7-100,58.0,1700.0,100.0,48.7,80.0,False,False,False,False,installed_turbine
BOCORWF1,BOCORWF1,unit_group,2,aemo,onshore,88,GE 1.6-100,9.0,1600.0,100.0,48.7,80.0,False,False,False,False,installed_turbine
CAPTL_WF,CAPTL_WF,unit_group,1,aemo,onshore,89,Suzlon S88-2.1,67.0,2100.0,88.0,43.2,80.0,False,False,True,False,installed_turbine
CATHROCK,CATHROCK,unit_group,1,aemo,onshore,90,Vestas V80-2.0,31.0,2000.0,80.0,39.0,60.0,False,False,False,False,installed_turbine
CHALLHWF,CHALLHWF,unit_group,1,aemo,onshore,91,NEG Micon NM64C-1.5,35.0,1500.0,64.0,31.7,68.0,False,False,True,False,installed_turbine
CLEMGPWF,CLEMGPWF,unit_group,1,aemo,onshore,92,Suzlon S88-2.1,27.0,2100.0,88.0,43.2,79.0,False,False,True,False,installed_turbine
CNUNDAWF,CNUNDAWF,unit_group,1,aemo,onshore,93,Vestas V80/2000,23.0,2000.0,80.0,39.0,67.0,False,False,False,False,installed_turbine
CULLRGWF,CULLRGWF,unit_group,1,aemo,onshore,94,Senvion MM92/2050,7.0,2050.0,92.5,45.2,80.0,False,False,True,False,installed_turbine
CULLRGWF,CULLRGWF,unit_group,2,aemo,onshore,94,Senvion MM82/2000,6.0,2000.0,82.0,40.0,80.0,False,False,False,False,installed_turbine
CULLRGWF,CULLRGWF,unit_group,3,aemo,onshore,94,Senvion MM82/2050,2.0,2050.0,82.0,40.0,80.0,False,False,False,False,installed_turbine
GULLRWF1,GULLRWF1,unit_group,1,aemo,onshore,95,Goldwind GW109/2500,56.0,2500.0,109.0,,80.0,False,False,False,False,installed_turbine
GULLRWF1,GULLRWF1,unit_group,2,aemo,onshore,95,Goldwind GW82/1500,17.0,1500.0,82.3,,85.0,False,False,False,False,installed_turbine
GUNNING1,GUNNING1,unit_group,1,aemo,onshore,96,Acciona AW-1500/70,31.0,1500.0,70.0,34.0,80.0,False,False,False,False,installed_turbine
HALLWF1,HALLWF1,unit_group,1,aemo,onshore,97,Suzlon S88-2.1,45.0,2100.0,88.0,43.2,80.0,False,False,True,False,installed_turbine
SNOWTWN1,SNOWTWN1,unit_group,1,aemo,onshore,98,Suzlon S88-2.1,47.0,2100.0,88.0,43.2,80.0,False,False,True,False,installed_turbine
SNOWTWN1,SNOWTWN1,unit_group,2,aemo,onshore,98,Suzlon S95-2.1,1.0,2100.0,95.0,46.5,80.0,False,False,False,False,installed_turbine
STARHLWF,STARHLWF,unit_group,1,aemo,onshore,99,Neg Micon NM64C-1.5,23.0,1500.0,64.0,31.7,68.0,False,False,True,False,installed_turbine
WATERLWF,WATERLWF,unit_group,1,aemo,onshore,100,Vestas V90/3000,37.0,3000.0,90.0,44.0,80.0,False,False,False,False,installed_turbine
WATERLWF,WATERLWF,unit_group,2,aemo,onshore,100,Vestas V117-3.3,6.0,3300.0,117.0,57.2,91.5,False,False,False,False,installed_turbine
NREL_WTK_site101275_SouthDakota-Deuel_class2_16MW_2007-2013,SouthDakota-Deuel_class2,unit_group,1,nrel_wtk,onshore,101,IEC Class 2 power curve,8.0,2000.0,,,100.0,False,False,False,False,virtual_turbine
NREL_WTK_site101275_SouthDakota-Deuel_class2_16MW_2007-2013,SouthDakota-Deuel_class2,reference_model,1,nrel_wtk,onshore,101,Vestas V112-3.0,,,112.0,54.6,100.0,False,False,True,False,fitted_model_reference
NREL_WTK_site101275_SouthDakota-Deuel_class2_16MW_2007-2013,SouthDakota-Deuel_class2,reference_model,2,nrel_wtk,onshore,101,Siemens SWT-2.3-93,,,93.0,45.0,100.0,False,False,False,False,fitted_model_reference
NREL_WTK_site101275_SouthDakota-Deuel_class2_16MW_2007-2013,SouthDakota-Deuel_class2,reference_model,3,nrel_wtk,onshore,101,GE 1.6-82.5,,,82.5,40.0,100.0,False,False,True,False,fitted_model_reference
NREL_WTK_site101275_SouthDakota-Deuel_class2_16MW_2007-2013,SouthDakota-Deuel_class2,reference_model,4,nrel_wtk,onshore,101,GE 2.5XL,,,100.0,48.7,100.0,False,False,False,False,fitted_model_reference
NREL_WTK_site101582_Massachusetts-Berkshire_class3_16MW_2007-2013,Massachusetts-Berkshire_class3,unit_group,1,nrel_wtk,onshore,102,IEC Class 3 power curve,8.0,2000.0,,,100.0,False,False,False,False,virtual_turbine
NREL_WTK_site101582_Massachusetts-Berkshire_class3_16MW_2007-2013,Massachusetts-Berkshire_class3,reference_model,1,nrel_wtk,onshore,102,Vestas V100-1.8,,,100.0,49.0,100.0,False,False,True,False,fitted_model_reference
NREL_WTK_site101582_Massachusetts-Berkshire_class3_16MW_2007-2013,Massachusetts-Berkshire_class3,reference_model,2,nrel_wtk,onshore,102,GE 1.6-100,,,100.0,48.7,100.0,False,False,False,False,fitted_model_reference
NREL_WTK_site101582_Massachusetts-Berkshire_class3_16MW_2007-2013,Massachusetts-Berkshire_class3,reference_model,3,nrel_wtk,onshore,102,REpower 3.2M114,,,114.0,55.5,100.0,False,False,True,False,fitted_model_reference
NREL_WTK_site102811_NewYork-Albany_class2_16MW_2007-2013,NewYork-Albany_class2,unit_group,1,nrel_wtk,onshore,103,IEC Class 2 power curve,8.0,2000.0,,,100.0,False,False,False,False,virtual_turbine
NREL_WTK_site102811_NewYork-Albany_class2_16MW_2007-2013,NewYork-Albany_class2,reference_model,1,nrel_wtk,onshore,103,Vestas V112-3.0,,,112.0,54.6,100.0,False,False,True,False,fitted_model_reference
NREL_WTK_site102811_NewYork-Albany_class2_16MW_2007-2013,NewYork-Albany_class2,reference_model,2,nrel_wtk,onshore,103,Siemens SWT-2.3-93,,,93.0,45.0,100.0,False,False,False,False,fitted_model_reference
NREL_WTK_site102811_NewYork-Albany_class2_16MW_2007-2013,NewYork-Albany_class2,reference_model,3,nrel_wtk,onshore,103,GE 1.6-82.5,,,82.5,40.0,100.0,False,False,True,False,fitted_model_reference
NREL_WTK_site102811_NewYork-Albany_class2_16MW_2007-2013,NewYork-Albany_class2,reference_model,4,nrel_wtk,onshore,103,GE 2.5XL,,,100.0,48.7,100.0,False,False,False,False,fitted_model_reference
NREL_WTK_site10444_NewMexico-Eddy_class1_16MW_2007-2013,NewMexico-Eddy_class1,unit_group,1,nrel_wtk,onshore,104,IEC Class 1 power curve,8.0,2000.0,,,100.0,False,False,False,False,virtual_turbine
NREL_WTK_site10444_NewMexico-Eddy_class1_16MW_2007-2013,NewMexico-Eddy_class1,reference_model,1,nrel_wtk,onshore,104,Siemens SWT-3.0-101,,,101.0,49.0,100.0,False,False,False,False,fitted_model_reference
NREL_WTK_site10444_NewMexico-Eddy_class1_16MW_2007-2013,NewMexico-Eddy_class1,reference_model,2,nrel_wtk,onshore,104,Gamesa G80-2.0,,,80.0,39.0,100.0,False,False,True,False,fitted_model_reference
NREL_WTK_site10444_NewMexico-Eddy_class1_16MW_2007-2013,NewMexico-Eddy_class1,reference_model,3,nrel_wtk,onshore,104,Nordex N90 HS,,,90.0,43.8,100.0,False,False,True,False,fitted_model_reference
NREL_WTK_site10444_NewMexico-Eddy_class1_16MW_2007-2013,NewMexico-Eddy_class1,reference_model,4,nrel_wtk,onshore,104,Vestas V90-3.0,,,90.0,44.0,100.0,False,False,False,False,fitted_model_reference
NREL_WTK_site104714_Massachusetts-Plymouth_class3_2MW_2007-2013,Massachusetts-Plymouth_class3,unit_group,1,nrel_wtk,onshore,105,IEC Class 3 power curve,1.0,2000.0,,,100.0,False,False,False,False,virtual_turbine
NREL_WTK_site104714_Massachusetts-Plymouth_class3_2MW_2007-2013,Massachusetts-Plymouth_class3,reference_model,1,nrel_wtk,onshore,105,Vestas V100-1.8,,,100.0,49.0,100.0,False,False,True,False,fitted_model_reference
NREL_WTK_site104714_Massachusetts-Plymouth_class3_2MW_2007-2013,Massachusetts-Plymouth_class3,reference_model,2,nrel_wtk,onshore,105,GE 1.6-100,,,100.0,48.7,100.0,False,False,False,False,fitted_model_reference
NREL_WTK_site104714_Massachusetts-Plymouth_class3_2MW_2007-2013,Massachusetts-Plymouth_class3,reference_model,3,nrel_wtk,onshore,105,REpower 3.2M114,,,114.0,55.5,100.0,False,False,True,False,fitted_model_reference
NREL_WTK_site104932_SouthDakota-Butte_class1_14MW_2007-2013,SouthDakota-Butte_class1,unit_group,1,nrel_wtk,onshore,106,IEC Class 1 power curve,7.0,2000.0,,,100.0,False,False,False,False,virtual_turbine
NREL_WTK_site104932_SouthDakota-Butte_class1_14MW_2007-2013,SouthDakota-Butte_class1,reference_model,1,nrel_wtk,onshore,106,Siemens SWT-3.0-101,,,101.0,49.0,100.0,False,False,False,False,fitted_model_reference
NREL_WTK_site104932_SouthDakota-Butte_class1_14MW_2007-2013,SouthDakota-Butte_class1,reference_model,2,nrel_wtk,onshore,106,Gamesa G80-2.0,,,80.0,39.0,100.0,False,False,True,False,fitted_model_reference
NREL_WTK_site104932_SouthDakota-Butte_class1_14MW_2007-2013,SouthDakota-Butte_class1,reference_model,3,nrel_wtk,onshore,106,Nordex N90 HS,,,90.0,43.8,100.0,False,False,True,False,fitted_model_reference
NREL_WTK_site104932_SouthDakota-Butte_class1_14MW_2007-2013,SouthDakota-Butte_class1,reference_model,4,nrel_wtk,onshore,106,Vestas V90-3.0,,,90.0,44.0,100.0,False,False,False,False,fitted_model_reference
NREL_WTK_site105082_SouthDakota-Butte_class1_12MW_2007-2013,SouthDakota-Butte_class1,unit_group,1,nrel_wtk,onshore,107,IEC Class 1 power curve,6.0,2000.0,,,100.0,False,False,False,False,virtual_turbine
NREL_WTK_site105082_SouthDakota-Butte_class1_12MW_2007-2013,SouthDakota-Butte_class1,reference_model,1,nrel_wtk,onshore,107,Siemens SWT-3.0-101,,,101.0,49.0,100.0,False,False,False,False,fitted_model_reference
NREL_WTK_site105082_SouthDakota-Butte_class1_12MW_2007-2013,SouthDakota-Butte_class1,reference_model,2,nrel_wtk,onshore,107,Gamesa G80-2.0,,,80.0,39.0,100.0,False,False,True,False,fitted_model_reference
NREL_WTK_site105082_SouthDakota-Butte_class1_12MW_2007-2013,SouthDakota-Butte_class1,reference_model,3,nrel_wtk,onshore,107,Nordex N90 HS,,,90.0,43.8,100.0,False,False,True,False,fitted_model_reference
NREL_WTK_site105082_SouthDakota-Butte_class1_12MW_2007-2013,SouthDakota-Butte_class1,reference_model,4,nrel_wtk,onshore,107,Vestas V90-3.0,,,90.0,44.0,100.0,False,False,False,False,fitted_model_reference
NREL_WTK_site110192_Minnesota-Benton_class3_16MW_2007-2013,Minnesota-Benton_class3,unit_group,1,nrel_wtk,onshore,108,IEC Class 3 power curve,8.0,2000.0,,,100.0,False,False,False,False,virtual_turbine
NREL_WTK_site110192_Minnesota-Benton_class3_16MW_2007-2013,Minnesota-Benton_class3,reference_model,1,nrel_wtk,onshore,108,Vestas V100-1.8,,,100.0,49.0,100.0,False,False,True,False,fitted_model_reference
NREL_WTK_site110192_Minnesota-Benton_class3_16MW_2007-2013,Minnesota-Benton_class3,reference_model,2,nrel_wtk,onshore,108,GE 1.6-100,,,100.0,48.7,100.0,False,False,False,False,fitted_model_reference
NREL_WTK_site110192_Minnesota-Benton_class3_16MW_2007-2013,Minnesota-Benton_class3,reference_model,3,nrel_wtk,onshore,108,REpower 3.2M114,,,114.0,55.5,100.0,False,False,True,False,fitted_model_reference
NREL_WTK_site110712_Michigan-LakeMichigan_class2_2MW_2007-2013,Michigan-LakeMichigan_class2,unit_group,1,nrel_wtk,onshore,109,IEC Class 2 power curve,1.0,2000.0,,,100.0,False,False,False,False,virtual_turbine
NREL_WTK_site110712_Michigan-LakeMichigan_class2_2MW_2007-2013,Michigan-LakeMichigan_class2,reference_model,1,nrel_wtk,onshore,109,Vestas V112-3.0,,,112.0,54.6,100.0,False,False,True,False,fitted_model_reference
NREL_WTK_site110712_Michigan-LakeMichigan_class2_2MW_2007-2013,Michigan-LakeMichigan_class2,reference_model,2,nrel_wtk,onshore,109,Siemens SWT-2.3-93,,,93.0,45.0,100.0,False,False,False,False,fitted_model_reference
NREL_WTK_site110712_Michigan-LakeMichigan_class2_2MW_2007-2013,Michigan-LakeMichigan_class2,reference_model,3,nrel_wtk,onshore,109,GE 1.6-82.5,,,82.5,40.0,100.0,False,False,True,False,fitted_model_reference
NREL_WTK_site110712_Michigan-LakeMichigan_class2_2MW_2007-2013,Michigan-LakeMichigan_class2,reference_model,4,nrel_wtk,onshore,109,GE 2.5XL,,,100.0,48.7,100.0,False,False,False,False,fitted_model_reference
NREL_WTK_site111362_Montana-Carter_class1_10MW_2007-2013,Montana-Carter_class1,unit_group,1,nrel_wtk,onshore,110,IEC Class 1 power curve,5.0,2000.0,,,100.0,False,False,False,False,virtual_turbine
NREL_WTK_site111362_Montana-Carter_class1_10MW_2007-2013,Montana-Carter_class1,reference_model,1,nrel_wtk,onshore,110,Siemens SWT-3.0-101,,,101.0,49.0,100.0,False,False,False,False,fitted_model_reference
NREL_WTK_site111362_Montana-Carter_class1_10MW_2007-2013,Montana-Carter_class1,reference_model,2,nrel_wtk,onshore,110,Gamesa G80-2.0,,,80.0,39.0,100.0,False,False,True,False,fitted_model_reference
NREL_WTK_site111362_Montana-Carter_class1_10MW_2007-2013,Montana-Carter_class1,reference_model,3,nrel_wtk,onshore,110,Nordex N90 HS,,,90.0,43.8,100.0,False,False,True,False,fitted_model_reference
NREL_WTK_site111362_Montana-Carter_class1_10MW_2007-2013,Montana-Carter_class1,reference_model,4,nrel_wtk,onshore,110,Vestas V90-3.0,,,90.0,44.0,100.0,False,False,False,False,fitted_model_reference
NREL_WTK_site114665_Offshore-LakeHuron_offshore_16MW_2007-2013,Offshore-LakeHuron_offshore,unit_group,1,nrel_wtk,offshore,111,offshore power curve,8.0,2000.0,,,100.0,False,False,False,False,virtual_turbine
NREL_WTK_site114665_Offshore-LakeHuron_offshore_16MW_2007-2013,Offshore-LakeHuron_offshore,reference_model,1,nrel_wtk,offshore,111,Siemens SWT-3.6-107,,,107.0,52.0,100.0,False,False,False,False,fitted_model_reference
NREL_WTK_site114665_Offshore-LakeHuron_offshore_16MW_2007-2013,Offshore-LakeHuron_offshore,reference_model,2,nrel_wtk,offshore,111,GE 4.1-113,,,113.0,55.0,100.0,False,False,True,False,fitted_model_reference
NREL_WTK_site114665_Offshore-LakeHuron_offshore_16MW_2007-2013,Offshore-LakeHuron_offshore,reference_model,3,nrel_wtk,offshore,111,REpower 6M,,,126.0,61.5,100.0,False,False,False,False,fitted_model_reference
NREL_WTK_site116754_Vermont-Essex_class3_14MW_2007-2013,Vermont-Essex_class3,unit_group,1,nrel_wtk,onshore,112,IEC Class 3 power curve,7.0,2000.0,,,100.0,False,False,False,False,virtual_turbine
NREL_WTK_site116754_Vermont-Essex_class3_14MW_2007-2013,Vermont-Essex_class3,reference_model,1,nrel_wtk,onshore,112,Vestas V100-1.8,,,100.0,49.0,100.0,False,False,True,False,fitted_model_reference
NREL_WTK_site116754_Vermont-Essex_class3_14MW_2007-2013,Vermont-Essex_class3,reference_model,2,nrel_wtk,onshore,112,GE 1.6-100,,,100.0,48.7,100.0,False,False,False,False,fitted_model_reference
NREL_WTK_site116754_Vermont-Essex_class3_14MW_2007-2013,Vermont-Essex_class3,reference_model,3,nrel_wtk,onshore,112,REpower 3.2M114,,,114.0,55.5,100.0,False,False,True,False,fitted_model_reference
NREL_WTK_site117612_Oregon-Morrow_class3_14MW_2007-2013,Oregon-Morrow_class3,unit_group,1,nrel_wtk,onshore,113,IEC Class 3 power curve,7.0,2000.0,,,100.0,False,False,False,False,virtual_turbine
NREL_WTK_site117612_Oregon-Morrow_class3_14MW_2007-2013,Oregon-Morrow_class3,reference_model,1,nrel_wtk,onshore,113,Vestas V100-1.8,,,100.0,49.0,100.0,False,False,True,False,fitted_model_reference
NREL_WTK_site117612_Oregon-Morrow_class3_14MW_2007-2013,Oregon-Morrow_class3,reference_model,2,nrel_wtk,onshore,113,GE 1.6-100,,,100.0,48.7,100.0,False,False,False,False,fitted_model_reference
NREL_WTK_site117612_Oregon-Morrow_class3_14MW_2007-2013,Oregon-Morrow_class3,reference_model,3,nrel_wtk,onshore,113,REpower 3.2M114,,,114.0,55.5,100.0,False,False,True,False,fitted_model_reference
NREL_WTK_site117971_NorthDakota-Dunn_class2_10MW_2007-2013,NorthDakota-Dunn_class2,unit_group,1,nrel_wtk,onshore,114,IEC Class 2 power curve,5.0,2000.0,,,100.0,False,False,False,False,virtual_turbine
NREL_WTK_site117971_NorthDakota-Dunn_class2_10MW_2007-2013,NorthDakota-Dunn_class2,reference_model,1,nrel_wtk,onshore,114,Vestas V112-3.0,,,112.0,54.6,100.0,False,False,True,False,fitted_model_reference
NREL_WTK_site117971_NorthDakota-Dunn_class2_10MW_2007-2013,NorthDakota-Dunn_class2,reference_model,2,nrel_wtk,onshore,114,Siemens SWT-2.3-93,,,93.0,45.0,100.0,False,False,False,False,fitted_model_reference
NREL_WTK_site117971_NorthDakota-Dunn_class2_10MW_2007-2013,NorthDakota-Dunn_class2,reference_model,3,nrel_wtk,onshore,114,GE 1.6-82.5,,,82.5,40.0,100.0,False,False,True,False,fitted_model_reference
NREL_WTK_site117971_NorthDakota-Dunn_class2_10MW_2007-2013,NorthDakota-Dunn_class2,reference_model,4,nrel_wtk,onshore,114,GE 2.5XL,,,100.0,48.7,100.0,False,False,False,False,fitted_model_reference
NREL_WTK_site118282_NewHampshire-Coos_class3_12MW_2007-2013,NewHampshire-Coos_class3,unit_group,1,nrel_wtk,onshore,115,IEC Class 3 power curve,6.0,2000.0,,,100.0,False,False,False,False,virtual_turbine
NREL_WTK_site118282_NewHampshire-Coos_class3_12MW_2007-2013,NewHampshire-Coos_class3,reference_model,1,nrel_wtk,onshore,115,Vestas V100-1.8,,,100.0,49.0,100.0,False,False,True,False,fitted_model_reference
NREL_WTK_site118282_NewHampshire-Coos_class3_12MW_2007-2013,NewHampshire-Coos_class3,reference_model,2,nrel_wtk,onshore,115,GE 1.6-100,,,100.0,48.7,100.0,False,False,False,False,fitted_model_reference
NREL_WTK_site118282_NewHampshire-Coos_class3_12MW_2007-2013,NewHampshire-Coos_class3,reference_model,3,nrel_wtk,onshore,115,REpower 3.2M114,,,114.0,55.5,100.0,False,False,True,False,fitted_model_reference
BANC DE GUERANDE 1,BANC DE GUERANDE 1,unit_group,1,entsoe,offshore,116,GE Vernova Haliade 150-6,40.0,6000.0,150.0,73.5,100.0,False,False,False,False,installed_turbine
BANC DE GUERANDE 2,BANC DE GUERANDE 2,unit_group,1,entsoe,offshore,117,GE Vernova Haliade 150-6,40.0,6000.0,150.0,73.5,100.0,False,False,False,False,installed_turbine
BOWLW-1,BOWLW-1,unit_group,1,entsoe,offshore,118,Vestas V90/3000 Offshore,30.0,3000.0,90.0,44.0,75.0,False,False,False,False,installed_turbine
BRBEO-1,BRBEO-1,unit_group,1,entsoe,offshore,119,MHI Vestas V164-8.0,32.0,8000.0,164.0,80.0,105.0,False,False,False,False,installed_turbine
BRDUW-1,BRDUW-1,unit_group,1,entsoe,onshore,120,Vestas V80-2.0,36.0,2000.0,80.0,39.0,60.0,False,False,False,False,installed_turbine
BRYBW-1,BRYBW-1,unit_group,1,entsoe,onshore,121,Enercon E70/2300,29.0,2300.0,71.0,,69.0,False,False,False,True,installed_turbine
BURBW-1,BURBW-1,unit_group,1,entsoe,offshore,122,Siemens SWT-3.6-107,25.0,3600.0,107.0,52.0,83.5,False,False,False,False,installed_turbine
CLDNW-1,CLDNW-1,unit_group,1,entsoe,onshore,123,Siemens SWT-2.3-82 VS,96.0,2300.0,82.4,40.0,80.0,False,False,False,False,installed_turbine
CLDSW-1,CLDSW-1,unit_group,1,entsoe,onshore,124,Siemens SWT-2.3-82 VS,56.0,2300.0,82.4,40.0,80.0,False,False,False,False,installed_turbine
GRGBW-1,GRGBW-1,unit_group,1,entsoe,offshore,125,Siemens SWT-3.6-107,47.0,3600.0,107.0,52.0,78.0,True,False,False,False,installed_turbine
GRGBW-2,GRGBW-2,unit_group,1,entsoe,offshore,126,Siemens SWT-3.6-107,47.0,3600.0,107.0,52.0,78.0,True,False,False,False,installed_turbine
GRGBW-3,GRGBW-3,unit_group,1,entsoe,offshore,127,Siemens SWT-3.6-107,46.0,3600.0,107.0,52.0,78.0,True,False,False,False,installed_turbine
LKBONNY1,LKBONNY1,unit_group,1,aemo,onshore,128,Vestas V66/1750,46.0,1750.0,66.0,32.0,60.0,False,False,False,False,installed_turbine
LKBONNY2,LKBONNY2,unit_group,1,aemo,onshore,129,Vestas V90/3000,53.0,3000.0,90.0,44.0,80.0,False,False,False,False,installed_turbine
LKBONNY3,LKBONNY3,unit_group,1,aemo,onshore,130,Vestas V90/3000,13.0,3000.0,90.0,44.0,80.0,False,False,False,False,installed_turbine
SNOWNTH1,SNOWNTH1,unit_group,1,aemo,onshore,131,Siemens SWT-3.0-101,23.0,3000.0,101.0,49.0,80.0,False,False,False,False,installed_turbine
SNOWSTH1,SNOWSTH1,unit_group,1,aemo,onshore,132,Siemens SWT-3.0-108,67.0,3000.0,108.0,53.0,80.0,False,False,False,False,installed_turbine
huaneng,huaneng,unit_group,1,huaneng,onshore,133,2 MW direct-drive,50.0,2000.0,,,,False,False,False,False,installed_turbine
