数据集标识,风场名称,数据粒度,数据数量,所属数据集,Onshore/Offshore,位置（纬度，经度）,基座海拔,气候类型,气候特点,风机型号,参数性质,机组总数,风场额定功率_MW,额定功率计算式_MW,容量计算精度,参考机型数,叶轮直径_m,叶轮直径_规格数,叶轮直径_各规格机组数,叶片长_m,叶片长_规格数,叶片长_各规格机组数,轮毂高_m,轮毂高_规格数,轮毂高_各规格机组数
NREL_WTK_site119090_Maine-Waldo_class3_16MW_2007-2013,Maine-Waldo_class3,15 min,205041,NREL WTK,Onshore,"44.597694, -68.895844",N/A (site elevation unavailable); hub height 100 m agl,"Humid continental climate, warm summer","Warm summers (18-24 degC), severely cold winters (-15 to -5 degC). Precipitation 600-1000 mm/year with significant snowfall. Winter polar air masses and Alberta Clippers produce frequent high-wind events. Orographic lifting over elevated terrain enhances local wind speeds above free-stream values. Wind resource peaks Nov-Mar; summer wind speeds are substantially lower. Moderate icing risk at turbine hub height in winter.",Vestas V100-1.8; GE 1.6-100; REpower 3.2M114,虚拟机组及拟合参考机型,8,16.0,8×2,按表中机组数,3,100; 114,2,参考机型，未分配机组数,48.7; ≈49; ≈55.5,3,参考机型，未分配机组数,100,1,100 m: 8台
NREL_WTK_site12172_Alabama-Chambers_class3_16MW_2007-2013,Alabama-Chambers_class3,15 min,211413,NREL WTK,Onshore,"32.763924, -85.206696",N/A (site elevation unavailable); hub height 100 m agl,Humid subtropical climate,"Hot, humid summers (25-32 degC) and mild winters (5-12 degC). Precipitation 1000-1500 mm/year evenly distributed. Mid-latitude westerlies dominate; wind speeds peak in winter (extratropical cyclones), drop markedly in summer (subtropical high). Moderate diurnal wind variation. Occasional tropical cyclone landfalls produce short-duration extreme winds. Wind resource strongly seasonal: highest Nov-Apr, lowest Jun-Sep.",Vestas V100-1.8; GE 1.6-100; REpower 3.2M114,虚拟机组及拟合参考机型,8,16.0,8×2,按表中机组数,3,100; 114,2,参考机型，未分配机组数,48.7; ≈49; ≈55.5,3,参考机型，未分配机组数,100,1,100 m: 8台
NREL_WTK_site121764_Washington-Klickitat_class2_16MW_2007-2013,Washington-Klickitat_class2,15 min,41479,NREL WTK,Onshore,"45.916245, -120.324524",N/A (site elevation unavailable); hub height 100 m agl,Warm-summer Mediterranean continental climate,"Warm, dry summers (20-26 degC) and cold, snowy winters (-8 to 0 degC). Precipitation 400-700 mm/year with pronounced dry summer. Mountain-valley wind circulations and downslope winds dominate local wind patterns. Wind resource highly terrain-dependent; ridge-top sites have excellent resource while valley-floor sites are sheltered. Chinook winds produce sudden high-wind events.",Vestas V112-3.0; Siemens SWT-2.3-93; GE 1.6-82.5; GE 2.5XL,虚拟机组及拟合参考机型,8,16.0,8×2,按表中机组数,4,82.5; 93; 100; 112,4,参考机型，未分配机组数,≈40; 45; 48.7; ≈54.6,4,参考机型，未分配机组数,100,1,100 m: 8台
NREL_WTK_site122002_Maine-Piscataquis_class3_12MW_2007-2013,Maine-Piscataquis_class3,15 min,186268,NREL WTK,Onshore,"45.427158, -69.3797",N/A (site elevation unavailable); hub height 100 m agl,"Humid continental climate, warm summer","Warm summers (18-24 degC), severely cold winters (-15 to -5 degC). Precipitation 600-1000 mm/year with significant snowfall. Winter polar air masses and Alberta Clippers produce frequent high-wind events. Orographic lifting over elevated terrain enhances local wind speeds above free-stream values. Wind resource peaks Nov-Mar; summer wind speeds are substantially lower. Moderate icing risk at turbine hub height in winter.",Vestas V100-1.8; GE 1.6-100; REpower 3.2M114,虚拟机组及拟合参考机型,6,12.0,6×2,按表中机组数,3,100; 114,2,参考机型，未分配机组数,48.7; ≈49; ≈55.5,3,参考机型，未分配机组数,100,1,100 m: 6台
NREL_WTK_site126058_Montana-Glacier_class2_2MW_2007-2013,Montana-Glacier_class2,15 min,240621,NREL WTK,Onshore,"48.775547, -113.483887",N/A (site elevation unavailable); hub height 100 m agl,Subarctic climate,"Cool summers (15-20 degC), extremely cold winters (-20 to -8 degC). Precipitation 400-700 mm/year, mostly as snow. Long winter season with persistent high wind speeds driven by polar and Arctic air masses. Short summer with moderate winds. Significant icing risk Nov-Apr. Orographic acceleration over mountain terrain critical for viable wind resource. Wind resource excellent at exposed ridge-top sites.",Vestas V112-3.0; Siemens SWT-2.3-93; GE 1.6-82.5; GE 2.5XL,虚拟机组及拟合参考机型,1,2.0,1×2,按表中机组数,4,82.5; 93; 100; 112,4,参考机型，未分配机组数,≈40; 45; 48.7; ≈54.6,4,参考机型，未分配机组数,100,1,100 m: 1台
NREL_WTK_site126185_Montana-Glacier_class1_14MW_2007-2013,Montana-Glacier_class1,15 min,180232,NREL WTK,Onshore,"48.902653, -113.526794",N/A (site elevation unavailable); hub height 100 m agl,Subarctic climate,"Cool summers (15-20 degC), extremely cold winters (-20 to -8 degC). Precipitation 400-700 mm/year, mostly as snow. Long winter season with persistent high wind speeds driven by polar and Arctic air masses. Short summer with moderate winds. Significant icing risk Nov-Apr. Orographic acceleration over mountain terrain critical for viable wind resource. Wind resource excellent at exposed ridge-top sites.",Siemens SWT-3.0-101; Gamesa G80-2.0; Nordex N90 HS; Vestas V90-3.0,虚拟机组及拟合参考机型,7,14.0,7×2,按表中机组数,4,80; 90; 101,3,参考机型，未分配机组数,≈39; ≈43.8; 44; 49,4,参考机型，未分配机组数,100,1,100 m: 7台
NREL_WTK_site1415_Florida-MiamiDade_class3_16MW_2007-2013,Florida-MiamiDade_class3,15 min,138883,NREL WTK,Onshore,"25.825256, -80.163086",N/A (site elevation unavailable); hub height 100 m agl,Tropical monsoon climate,"Hot year-round with strong wet season. Short dry season. Monsoonal wind reversals dominate seasonal wind patterns. Wind resource moderate and strongly seasonal, peaking during monsoon onset and withdrawal.",Vestas V100-1.8; GE 1.6-100; REpower 3.2M114,虚拟机组及拟合参考机型,8,16.0,8×2,按表中机组数,3,100; 114,2,参考机型，未分配机组数,48.7; ≈49; ≈55.5,3,参考机型，未分配机组数,100,1,100 m: 8台
NREL_WTK_site14725_SouthCarolina-Bamberg_class3_16MW_2007-2013,SouthCarolina-Bamberg_class3,15 min,134045,NREL WTK,Onshore,"33.344376, -81.177887",N/A (site elevation unavailable); hub height 100 m agl,Humid subtropical climate,"Hot, humid summers (25-32 degC) and mild winters (5-12 degC). Precipitation 1000-1500 mm/year evenly distributed. Mid-latitude westerlies dominate; wind speeds peak in winter (extratropical cyclones), drop markedly in summer (subtropical high). Moderate diurnal wind variation. Occasional tropical cyclone landfalls produce short-duration extreme winds. Wind resource strongly seasonal: highest Nov-Apr, lowest Jun-Sep.",Vestas V100-1.8; GE 1.6-100; REpower 3.2M114,虚拟机组及拟合参考机型,8,16.0,8×2,按表中机组数,3,100; 114,2,参考机型，未分配机组数,48.7; ≈49; ≈55.5,3,参考机型，未分配机组数,100,1,100 m: 8台
NREL_WTK_site15559_California-Imperial_class1_2MW_2007-2013,California-Imperial_class1,15 min,245472,NREL WTK,Onshore,"32.646118, -116.085098",N/A (site elevation unavailable); hub height 100 m agl,Cold semi-arid climate,"Semi-arid continental: hot summers (28-35 degC), cold winters (-5 to 5 degC). Precipitation 250-500 mm/year. Large diurnal temperature range (15-20 degC). Broad, open, low-roughness terrain combined with frequent mid-latitude cyclone passages yields consistently high year-round wind speeds — among the richest onshore wind resource regions globally. Wind speeds peak Mar-May; occasional summer thunderstorm downbursts; low icing risk.",Siemens SWT-3.0-101; Gamesa G80-2.0; Nordex N90 HS; Vestas V90-3.0,虚拟机组及拟合参考机型,1,2.0,1×2,按表中机组数,4,80; 90; 101,3,参考机型，未分配机组数,≈39; ≈43.8; 44; 49,4,参考机型，未分配机组数,100,1,100 m: 1台
NREL_WTK_site16069_Oklahoma-Comanche_class1_2MW_2007-2013,Oklahoma-Comanche_class1,15 min,237071,NREL WTK,Onshore,"34.815277, -98.800049",N/A (site elevation unavailable); hub height 100 m agl,Humid subtropical climate,"Hot, humid summers (25-32 degC) and mild winters (5-12 degC). Precipitation 1000-1500 mm/year evenly distributed. Mid-latitude westerlies dominate; wind speeds peak in winter (extratropical cyclones), drop markedly in summer (subtropical high). Moderate diurnal wind variation. Occasional tropical cyclone landfalls produce short-duration extreme winds. Wind resource strongly seasonal: highest Nov-Apr, lowest Jun-Sep.",Siemens SWT-3.0-101; Gamesa G80-2.0; Nordex N90 HS; Vestas V90-3.0,虚拟机组及拟合参考机型,1,2.0,1×2,按表中机组数,4,80; 90; 101,3,参考机型，未分配机组数,≈39; ≈43.8; 44; 49,4,参考机型，未分配机组数,100,1,100 m: 1台
NREL_WTK_site17501_Georgia-Pickens_class3_16MW_2007-2013,Georgia-Pickens_class3,15 min,177110,NREL WTK,Onshore,"34.416519, -84.531128",N/A (site elevation unavailable); hub height 100 m agl,Humid subtropical climate,"Hot, humid summers (25-32 degC) and mild winters (5-12 degC). Precipitation 1000-1500 mm/year evenly distributed. Mid-latitude westerlies dominate; wind speeds peak in winter (extratropical cyclones), drop markedly in summer (subtropical high). Moderate diurnal wind variation. Occasional tropical cyclone landfalls produce short-duration extreme winds. Wind resource strongly seasonal: highest Nov-Apr, lowest Jun-Sep.",Vestas V100-1.8; GE 1.6-100; REpower 3.2M114,虚拟机组及拟合参考机型,8,16.0,8×2,按表中机组数,3,100; 114,2,参考机型，未分配机组数,48.7; ≈49; ≈55.5,3,参考机型，未分配机组数,100,1,100 m: 8台
NREL_WTK_site19095_Oklahoma-Grady_class2_16MW_2007-2013,Oklahoma-Grady_class2,15 min,182913,NREL WTK,Onshore,"35.296169, -97.854004",N/A (site elevation unavailable); hub height 100 m agl,Humid subtropical climate,"Hot, humid summers (25-32 degC) and mild winters (5-12 degC). Precipitation 1000-1500 mm/year evenly distributed. Mid-latitude westerlies dominate; wind speeds peak in winter (extratropical cyclones), drop markedly in summer (subtropical high). Moderate diurnal wind variation. Occasional tropical cyclone landfalls produce short-duration extreme winds. Wind resource strongly seasonal: highest Nov-Apr, lowest Jun-Sep.",Vestas V112-3.0; Siemens SWT-2.3-93; GE 1.6-82.5; GE 2.5XL,虚拟机组及拟合参考机型,8,16.0,8×2,按表中机组数,4,82.5; 93; 100; 112,4,参考机型，未分配机组数,≈40; 45; 48.7; ≈54.6,4,参考机型，未分配机组数,100,1,100 m: 8台
NREL_WTK_site20092_Arizona-Apache_class3_16MW_2007-2013,Arizona-Apache_class3,15 min,140640,NREL WTK,Onshore,"34.49744, -109.685791",N/A (site elevation unavailable); hub height 100 m agl,Cold semi-arid climate,"Semi-arid continental: hot summers (28-35 degC), cold winters (-5 to 5 degC). Precipitation 250-500 mm/year. Large diurnal temperature range (15-20 degC). Broad, open, low-roughness terrain combined with frequent mid-latitude cyclone passages yields consistently high year-round wind speeds — among the richest onshore wind resource regions globally. Wind speeds peak Mar-May; occasional summer thunderstorm downbursts; low icing risk.",Vestas V100-1.8; GE 1.6-100; REpower 3.2M114,虚拟机组及拟合参考机型,8,16.0,8×2,按表中机组数,3,100; 114,2,参考机型，未分配机组数,48.7; ≈49; ≈55.5,3,参考机型，未分配机组数,100,1,100 m: 8台
NREL_WTK_site22664_Arkansas-Washington_class3_16MW_2007-2013,Arkansas-Washington_class3,15 min,122837,NREL WTK,Onshore,"35.884243, -94.17453",N/A (site elevation unavailable); hub height 100 m agl,Humid subtropical climate,"Hot, humid summers (25-32 degC) and mild winters (5-12 degC). Precipitation 1000-1500 mm/year evenly distributed. Mid-latitude westerlies dominate; wind speeds peak in winter (extratropical cyclones), drop markedly in summer (subtropical high). Moderate diurnal wind variation. Occasional tropical cyclone landfalls produce short-duration extreme winds. Wind resource strongly seasonal: highest Nov-Apr, lowest Jun-Sep.",Vestas V100-1.8; GE 1.6-100; REpower 3.2M114,虚拟机组及拟合参考机型,8,16.0,8×2,按表中机组数,3,100; 114,2,参考机型，未分配机组数,48.7; ≈49; ≈55.5,3,参考机型，未分配机组数,100,1,100 m: 8台
NREL_WTK_site24924_Atlantic-Offshore_16MW_2007-2013,Atlantic-Offshore,15 min,245472,NREL WTK,Offshore,"34.309864, -76.5849",N/A (site elevation unavailable); hub height 100 m agl,Humid subtropical climate,"Hot, humid summers (25-32 degC) and mild winters (5-12 degC). Precipitation 1000-1500 mm/year evenly distributed. Mid-latitude westerlies dominate; wind speeds peak in winter (extratropical cyclones), drop markedly in summer (subtropical high). Moderate diurnal wind variation. Occasional tropical cyclone landfalls produce short-duration extreme winds. Wind resource strongly seasonal: highest Nov-Apr, lowest Jun-Sep.",Siemens SWT-3.6-107; GE 4.1-113; REpower 6M,虚拟机组及拟合参考机型,8,16.0,8×2,按表中机组数,3,107; 113; 126,3,参考机型，未分配机组数,52; ≈55; 61.5,3,参考机型，未分配机组数,100,1,100 m: 8台
NREL_WTK_site26558_Oklahoma-Ellis_class2_16MW_2007-2013,Oklahoma-Ellis_class2,15 min,145195,NREL WTK,Onshore,"36.488377, -99.858093",N/A (site elevation unavailable); hub height 100 m agl,Humid subtropical climate,"Hot, humid summers (25-32 degC) and mild winters (5-12 degC). Precipitation 1000-1500 mm/year evenly distributed. Mid-latitude westerlies dominate; wind speeds peak in winter (extratropical cyclones), drop markedly in summer (subtropical high). Moderate diurnal wind variation. Occasional tropical cyclone landfalls produce short-duration extreme winds. Wind resource strongly seasonal: highest Nov-Apr, lowest Jun-Sep.",Vestas V112-3.0; Siemens SWT-2.3-93; GE 1.6-82.5; GE 2.5XL,虚拟机组及拟合参考机型,8,16.0,8×2,按表中机组数,4,82.5; 93; 100; 112,4,参考机型，未分配机组数,≈40; 45; 48.7; ≈54.6,4,参考机型，未分配机组数,100,1,100 m: 8台
NREL_WTK_site27707_Offshore-Pacific-CA_offshore_16MW_2007-2013,Offshore-Pacific-CA_offshore,15 min,146280,NREL WTK,Offshore,"33.67308, -120.210693",N/A (site elevation unavailable); hub height 100 m agl,Warm-summer Mediterranean climate,"Cool, dry summers (20-26 degC) and mild, wet winters (5-12 degC). Precipitation 400-800 mm/year concentrated in winter half-year. Persistent maritime westerlies produce moderate but highly consistent wind speeds with very low seasonal variability. Low turbulence intensity; stable marine boundary layer creates strong wind shear at the capping inversion. Excellent year-round wind resource.",Siemens SWT-3.6-107; GE 4.1-113; REpower 6M,虚拟机组及拟合参考机型,8,16.0,8×2,按表中机组数,3,107; 113; 126,3,参考机型，未分配机组数,52; ≈55; 61.5,3,参考机型，未分配机组数,100,1,100 m: 8台
NREL_WTK_site29477_NorthCarolina-Carteret_class2_16MW_2007-2013,NorthCarolina-Carteret_class2,15 min,196963,NREL WTK,Onshore,"34.93597, -76.418793",N/A (site elevation unavailable); hub height 100 m agl,Humid subtropical climate,"Hot, humid summers (25-32 degC) and mild winters (5-12 degC). Precipitation 1000-1500 mm/year evenly distributed. Mid-latitude westerlies dominate; wind speeds peak in winter (extratropical cyclones), drop markedly in summer (subtropical high). Moderate diurnal wind variation. Occasional tropical cyclone landfalls produce short-duration extreme winds. Wind resource strongly seasonal: highest Nov-Apr, lowest Jun-Sep.",Vestas V112-3.0; Siemens SWT-2.3-93; GE 1.6-82.5; GE 2.5XL,虚拟机组及拟合参考机型,8,16.0,8×2,按表中机组数,4,82.5; 93; 100; 112,4,参考机型，未分配机组数,≈40; 45; 48.7; ≈54.6,4,参考机型，未分配机组数,100,1,100 m: 8台
NREL_WTK_site29715_Tennessee-Campbell_class3_8MW_2007-2013,Tennessee-Campbell_class3,15 min,119540,NREL WTK,Onshore,"36.236694, -84.250793",N/A (site elevation unavailable); hub height 100 m agl,"Humid continental climate, warm summer","Warm summers (18-24 degC), severely cold winters (-15 to -5 degC). Precipitation 600-1000 mm/year with significant snowfall. Winter polar air masses and Alberta Clippers produce frequent high-wind events. Orographic lifting over elevated terrain enhances local wind speeds above free-stream values. Wind resource peaks Nov-Mar; summer wind speeds are substantially lower. Moderate icing risk at turbine hub height in winter.",Vestas V100-1.8; GE 1.6-100; REpower 3.2M114,虚拟机组及拟合参考机型,4,8.0,4×2,按表中机组数,3,100; 114,2,参考机型，未分配机组数,48.7; ≈49; ≈55.5,3,参考机型，未分配机组数,100,1,100 m: 4台
NREL_WTK_site3044_Offshore-Gulf-LA_offshore_16MW_2007-2013,Offshore-Gulf-LA_offshore,15 min,165223,NREL WTK,Offshore,"28.610092, -90.936462",N/A (site elevation unavailable); hub height 100 m agl,Humid subtropical climate,"Hot, humid summers (25-32 degC) and mild winters (5-12 degC). Precipitation 1000-1500 mm/year evenly distributed. Mid-latitude westerlies dominate; wind speeds peak in winter (extratropical cyclones), drop markedly in summer (subtropical high). Moderate diurnal wind variation. Occasional tropical cyclone landfalls produce short-duration extreme winds. Wind resource strongly seasonal: highest Nov-Apr, lowest Jun-Sep.",Siemens SWT-3.6-107; GE 4.1-113; REpower 6M,虚拟机组及拟合参考机型,8,16.0,8×2,按表中机组数,3,107; 113; 126,3,参考机型，未分配机组数,52; ≈55; 61.5,3,参考机型，未分配机组数,100,1,100 m: 8台
NREL_WTK_site31505_NewMexico-Union_class2_12MW_2007-2013,NewMexico-Union_class2,15 min,144682,NREL WTK,Onshore,"36.876339, -103.436707",N/A (site elevation unavailable); hub height 100 m agl,Cold semi-arid climate,"Semi-arid continental: hot summers (28-35 degC), cold winters (-5 to 5 degC). Precipitation 250-500 mm/year. Large diurnal temperature range (15-20 degC). Broad, open, low-roughness terrain combined with frequent mid-latitude cyclone passages yields consistently high year-round wind speeds — among the richest onshore wind resource regions globally. Wind speeds peak Mar-May; occasional summer thunderstorm downbursts; low icing risk.",Vestas V112-3.0; Siemens SWT-2.3-93; GE 1.6-82.5; GE 2.5XL,虚拟机组及拟合参考机型,6,12.0,6×2,按表中机组数,4,82.5; 93; 100; 112,4,参考机型，未分配机组数,≈40; 45; 48.7; ≈54.6,4,参考机型，未分配机组数,100,1,100 m: 6台
NREL_WTK_site33345_California-SanBernardino_class2_16MW_2007-2013,California-SanBernardino_class2,15 min,223759,NREL WTK,Onshore,"35.198231, -116.936157",N/A (site elevation unavailable); hub height 100 m agl,Cold desert climate,"Scorching summers (32-38 degC), cool-to-cold winters (0-8 degC), precipitation below 250 mm/year. Large diurnal temperature swing drives reliable valley-mountain wind circulations. Afternoon winds enhanced by thermal convection. Wind resource moderate and strongly diurnal.",Vestas V112-3.0; Siemens SWT-2.3-93; GE 1.6-82.5; GE 2.5XL,虚拟机组及拟合参考机型,8,16.0,8×2,按表中机组数,4,82.5; 93; 100; 112,4,参考机型，未分配机组数,≈40; 45; 48.7; ≈54.6,4,参考机型，未分配机组数,100,1,100 m: 8台
NREL_WTK_site34260_Offshore-NC-OuterBanks_offshore_16MW_2007-2013,Offshore-NC-OuterBanks_offshore,15 min,175176,NREL WTK,Offshore,"35.329334, -75.230255",N/A (site elevation unavailable); hub height 100 m agl,Humid subtropical climate,"Hot, humid summers (25-32 degC) and mild winters (5-12 degC). Precipitation 1000-1500 mm/year evenly distributed. Mid-latitude westerlies dominate; wind speeds peak in winter (extratropical cyclones), drop markedly in summer (subtropical high). Moderate diurnal wind variation. Occasional tropical cyclone landfalls produce short-duration extreme winds. Wind resource strongly seasonal: highest Nov-Apr, lowest Jun-Sep.",Siemens SWT-3.6-107; GE 4.1-113; REpower 6M,虚拟机组及拟合参考机型,8,16.0,8×2,按表中机组数,3,107; 113; 126,3,参考机型，未分配机组数,52; ≈55; 61.5,3,参考机型，未分配机组数,100,1,100 m: 8台
NREL_WTK_site34947_Kansas-Kiowa_class1_2MW_2007-2013,Kansas-Kiowa_class1,15 min,160386,NREL WTK,Onshore,"37.535965, -99.456055",N/A (site elevation unavailable); hub height 100 m agl,"Humid continental climate, hot summer","Four distinct seasons: warm summers (22-28 degC), cold winters (-8 to 0 degC). Precipitation 700-1100 mm/year. Winter polar air masses and extratropical cyclones drive high wind speeds with frequent storm events. Summer convective activity produces thunderstorm downbursts. Wind resource richest Oct-Apr, lowest Jun-Aug. Considerable interannual variability tied to polar jet stream position.",Siemens SWT-3.0-101; Gamesa G80-2.0; Nordex N90 HS; Vestas V90-3.0,虚拟机组及拟合参考机型,1,2.0,1×2,按表中机组数,4,80; 90; 101,3,参考机型，未分配机组数,≈39; ≈43.8; 44; 49,4,参考机型，未分配机组数,100,1,100 m: 1台
NREL_WTK_site38019_Virginia-Patrick_class1_4MW_2007-2013,Virginia-Patrick_class1,15 min,245472,NREL WTK,Onshore,"36.795895, -80.342529",N/A (site elevation unavailable); hub height 100 m agl,Humid subtropical climate,"Hot, humid summers (25-32 degC) and mild winters (5-12 degC). Precipitation 1000-1500 mm/year evenly distributed. Mid-latitude westerlies dominate; wind speeds peak in winter (extratropical cyclones), drop markedly in summer (subtropical high). Moderate diurnal wind variation. Occasional tropical cyclone landfalls produce short-duration extreme winds. Wind resource strongly seasonal: highest Nov-Apr, lowest Jun-Sep.",Siemens SWT-3.0-101; Gamesa G80-2.0; Nordex N90 HS; Vestas V90-3.0,虚拟机组及拟合参考机型,2,4.0,2×2,按表中机组数,4,80; 90; 101,3,参考机型，未分配机组数,≈39; ≈43.8; 44; 49,4,参考机型，未分配机组数,100,1,100 m: 2台
NREL_WTK_site38405_Kansas-Hodgeman_class2_6MW_2007-2013,Kansas-Hodgeman_class2,15 min,245472,NREL WTK,Onshore,"38.028996, -99.623932",N/A (site elevation unavailable); hub height 100 m agl,"Humid continental climate, hot summer","Four distinct seasons: warm summers (22-28 degC), cold winters (-8 to 0 degC). Precipitation 700-1100 mm/year. Winter polar air masses and extratropical cyclones drive high wind speeds with frequent storm events. Summer convective activity produces thunderstorm downbursts. Wind resource richest Oct-Apr, lowest Jun-Aug. Considerable interannual variability tied to polar jet stream position.",Vestas V112-3.0; Siemens SWT-2.3-93; GE 1.6-82.5; GE 2.5XL,虚拟机组及拟合参考机型,3,6.0,3×2,按表中机组数,4,82.5; 93; 100; 112,4,参考机型，未分配机组数,≈40; 45; 48.7; ≈54.6,4,参考机型，未分配机组数,100,1,100 m: 3台
NREL_WTK_site39062_Kentucky-Madison_class3_16MW_2007-2013,Kentucky-Madison_class3,15 min,112315,NREL WTK,Onshore,"37.526291, -84.292267",N/A (site elevation unavailable); hub height 100 m agl,Humid subtropical climate,"Hot, humid summers (25-32 degC) and mild winters (5-12 degC). Precipitation 1000-1500 mm/year evenly distributed. Mid-latitude westerlies dominate; wind speeds peak in winter (extratropical cyclones), drop markedly in summer (subtropical high). Moderate diurnal wind variation. Occasional tropical cyclone landfalls produce short-duration extreme winds. Wind resource strongly seasonal: highest Nov-Apr, lowest Jun-Sep.",Vestas V100-1.8; GE 1.6-100; REpower 3.2M114,虚拟机组及拟合参考机型,8,16.0,8×2,按表中机组数,3,100; 114,2,参考机型，未分配机组数,48.7; ≈49; ≈55.5,3,参考机型，未分配机组数,100,1,100 m: 8台
NREL_WTK_site39241_Kansas-Chase_class2_16MW_2007-2013,Kansas-Chase_class2,15 min,154126,NREL WTK,Onshore,"38.239616, -96.599915",N/A (site elevation unavailable); hub height 100 m agl,"Humid continental climate, hot summer","Four distinct seasons: warm summers (22-28 degC), cold winters (-8 to 0 degC). Precipitation 700-1100 mm/year. Winter polar air masses and extratropical cyclones drive high wind speeds with frequent storm events. Summer convective activity produces thunderstorm downbursts. Wind resource richest Oct-Apr, lowest Jun-Aug. Considerable interannual variability tied to polar jet stream position.",Vestas V112-3.0; Siemens SWT-2.3-93; GE 1.6-82.5; GE 2.5XL,虚拟机组及拟合参考机型,8,16.0,8×2,按表中机组数,4,82.5; 93; 100; 112,4,参考机型，未分配机组数,≈40; 45; 48.7; ≈54.6,4,参考机型，未分配机组数,100,1,100 m: 8台
NREL_WTK_site39992_Virginia-Roanoke_class2_14MW_2007-2013,Virginia-Roanoke_class2,15 min,114703,NREL WTK,Onshore,"37.168118, -80.084839",N/A (site elevation unavailable); hub height 100 m agl,"Humid continental climate, hot summer","Four distinct seasons: warm summers (22-28 degC), cold winters (-8 to 0 degC). Precipitation 700-1100 mm/year. Winter polar air masses and extratropical cyclones drive high wind speeds with frequent storm events. Summer convective activity produces thunderstorm downbursts. Wind resource richest Oct-Apr, lowest Jun-Aug. Considerable interannual variability tied to polar jet stream position.",Vestas V112-3.0; Siemens SWT-2.3-93; GE 1.6-82.5; GE 2.5XL,虚拟机组及拟合参考机型,7,14.0,7×2,按表中机组数,4,82.5; 93; 100; 112,4,参考机型，未分配机组数,≈40; 45; 48.7; ≈54.6,4,参考机型，未分配机组数,100,1,100 m: 7台
NREL_WTK_site41012_Offshore-Virginia_offshore_16MW_2007-2013,Offshore-Virginia_offshore,15 min,149748,NREL WTK,Offshore,"36.572124, -75.624817",N/A (site elevation unavailable); hub height 100 m agl,Humid subtropical climate,"Hot, humid summers (25-32 degC) and mild winters (5-12 degC). Precipitation 1000-1500 mm/year evenly distributed. Mid-latitude westerlies dominate; wind speeds peak in winter (extratropical cyclones), drop markedly in summer (subtropical high). Moderate diurnal wind variation. Occasional tropical cyclone landfalls produce short-duration extreme winds. Wind resource strongly seasonal: highest Nov-Apr, lowest Jun-Sep.",Siemens SWT-3.6-107; GE 4.1-113; REpower 6M,虚拟机组及拟合参考机型,8,16.0,8×2,按表中机组数,3,107; 113; 126,3,参考机型，未分配机组数,52; ≈55; 61.5,3,参考机型，未分配机组数,100,1,100 m: 8台
NREL_WTK_site43337_Kansas-Gove_class2_16MW_2007-2013,Kansas-Gove_class2,15 min,226430,NREL WTK,Onshore,"39.045227, -100.160461",N/A (site elevation unavailable); hub height 100 m agl,"Humid continental climate, hot summer","Four distinct seasons: warm summers (22-28 degC), cold winters (-8 to 0 degC). Precipitation 700-1100 mm/year. Winter polar air masses and extratropical cyclones drive high wind speeds with frequent storm events. Summer convective activity produces thunderstorm downbursts. Wind resource richest Oct-Apr, lowest Jun-Aug. Considerable interannual variability tied to polar jet stream position.",Vestas V112-3.0; Siemens SWT-2.3-93; GE 1.6-82.5; GE 2.5XL,虚拟机组及拟合参考机型,8,16.0,8×2,按表中机组数,4,82.5; 93; 100; 112,4,参考机型，未分配机组数,≈40; 45; 48.7; ≈54.6,4,参考机型，未分配机组数,100,1,100 m: 8台
NREL_WTK_site44258_Colorado-ElPaso_class2_16MW_2007-2013,Colorado-ElPaso_class2,15 min,168406,NREL WTK,Onshore,"38.990578, -104.16925",N/A (site elevation unavailable); hub height 100 m agl,Cold semi-arid climate,"Semi-arid continental: hot summers (28-35 degC), cold winters (-5 to 5 degC). Precipitation 250-500 mm/year. Large diurnal temperature range (15-20 degC). Broad, open, low-roughness terrain combined with frequent mid-latitude cyclone passages yields consistently high year-round wind speeds — among the richest onshore wind resource regions globally. Wind speeds peak Mar-May; occasional summer thunderstorm downbursts; low icing risk.",Vestas V112-3.0; Siemens SWT-2.3-93; GE 1.6-82.5; GE 2.5XL,虚拟机组及拟合参考机型,8,16.0,8×2,按表中机组数,4,82.5; 93; 100; 112,4,参考机型，未分配机组数,≈40; 45; 48.7; ≈54.6,4,参考机型，未分配机组数,100,1,100 m: 8台
NREL_WTK_site44404_Utah-Wayne_class1_2MW_2007-2013,Utah-Wayne_class1,15 min,245472,NREL WTK,Onshore,"38.180981, -111.455963",N/A (site elevation unavailable); hub height 100 m agl,Subarctic climate,"Cool summers (15-20 degC), extremely cold winters (-20 to -8 degC). Precipitation 400-700 mm/year, mostly as snow. Long winter season with persistent high wind speeds driven by polar and Arctic air masses. Short summer with moderate winds. Significant icing risk Nov-Apr. Orographic acceleration over mountain terrain critical for viable wind resource. Wind resource excellent at exposed ridge-top sites.",Siemens SWT-3.0-101; Gamesa G80-2.0; Nordex N90 HS; Vestas V90-3.0,虚拟机组及拟合参考机型,1,2.0,1×2,按表中机组数,4,80; 90; 101,3,参考机型，未分配机组数,≈39; ≈43.8; 44; 49,4,参考机型，未分配机组数,100,1,100 m: 1台
NREL_WTK_site4477_Louisiana-Plaquemines_class2_16MW_2007-2013,Louisiana-Plaquemines_class2,15 min,149749,NREL WTK,Onshore,"29.108471, -89.213989",N/A (site elevation unavailable); hub height 100 m agl,Humid subtropical climate,"Hot, humid summers (25-32 degC) and mild winters (5-12 degC). Precipitation 1000-1500 mm/year evenly distributed. Mid-latitude westerlies dominate; wind speeds peak in winter (extratropical cyclones), drop markedly in summer (subtropical high). Moderate diurnal wind variation. Occasional tropical cyclone landfalls produce short-duration extreme winds. Wind resource strongly seasonal: highest Nov-Apr, lowest Jun-Sep.",Vestas V112-3.0; Siemens SWT-2.3-93; GE 1.6-82.5; GE 2.5XL,虚拟机组及拟合参考机型,8,16.0,8×2,按表中机组数,4,82.5; 93; 100; 112,4,参考机型，未分配机组数,≈40; 45; 48.7; ≈54.6,4,参考机型，未分配机组数,100,1,100 m: 8台
NREL_WTK_site48642_Nevada-Lincoln_class2_14MW_2007-2013,Nevada-Lincoln_class2,15 min,124373,NREL WTK,Onshore,"38.446606, -114.371292",N/A (site elevation unavailable); hub height 100 m agl,Cold semi-arid climate,"Semi-arid continental: hot summers (28-35 degC), cold winters (-5 to 5 degC). Precipitation 250-500 mm/year. Large diurnal temperature range (15-20 degC). Broad, open, low-roughness terrain combined with frequent mid-latitude cyclone passages yields consistently high year-round wind speeds — among the richest onshore wind resource regions globally. Wind speeds peak Mar-May; occasional summer thunderstorm downbursts; low icing risk.",Vestas V112-3.0; Siemens SWT-2.3-93; GE 1.6-82.5; GE 2.5XL,虚拟机组及拟合参考机型,7,14.0,7×2,按表中机组数,4,82.5; 93; 100; 112,4,参考机型，未分配机组数,≈40; 45; 48.7; ≈54.6,4,参考机型，未分配机组数,100,1,100 m: 7台
NREL_WTK_site48998_WestVirginia-Randolph_class3_10MW_2007-2013,WestVirginia-Randolph_class3,15 min,44843,NREL WTK,Onshore,"38.86591, -79.741638",N/A (site elevation unavailable); hub height 100 m agl,"Humid continental climate, warm summer","Warm summers (18-24 degC), severely cold winters (-15 to -5 degC). Precipitation 600-1000 mm/year with significant snowfall. Winter polar air masses and Alberta Clippers produce frequent high-wind events. Orographic lifting over elevated terrain enhances local wind speeds above free-stream values. Wind resource peaks Nov-Mar; summer wind speeds are substantially lower. Moderate icing risk at turbine hub height in winter.",Vestas V100-1.8; GE 1.6-100; REpower 3.2M114,虚拟机组及拟合参考机型,5,10.0,5×2,按表中机组数,3,100; 114,2,参考机型，未分配机组数,48.7; ≈49; ≈55.5,3,参考机型，未分配机组数,100,1,100 m: 5台
NREL_WTK_site49033_Utah-Millard_class2_10MW_2007-2013,Utah-Millard_class2,15 min,197135,NREL WTK,Onshore,"38.60178, -113.931961",N/A (site elevation unavailable); hub height 100 m agl,Cold semi-arid climate,"Semi-arid continental: hot summers (28-35 degC), cold winters (-5 to 5 degC). Precipitation 250-500 mm/year. Large diurnal temperature range (15-20 degC). Broad, open, low-roughness terrain combined with frequent mid-latitude cyclone passages yields consistently high year-round wind speeds — among the richest onshore wind resource regions globally. Wind speeds peak Mar-May; occasional summer thunderstorm downbursts; low icing risk.",Vestas V112-3.0; Siemens SWT-2.3-93; GE 1.6-82.5; GE 2.5XL,虚拟机组及拟合参考机型,5,10.0,5×2,按表中机组数,4,82.5; 93; 100; 112,4,参考机型，未分配机组数,≈40; 45; 48.7; ≈54.6,4,参考机型，未分配机组数,100,1,100 m: 5台
NREL_WTK_site50527_WestVirginia-Grant_class1_4MW_2007-2013,WestVirginia-Grant_class1,15 min,167303,NREL WTK,Onshore,"39.040905, -79.305725",N/A (site elevation unavailable); hub height 100 m agl,"Humid continental climate, warm summer","Warm summers (18-24 degC), severely cold winters (-15 to -5 degC). Precipitation 600-1000 mm/year with significant snowfall. Winter polar air masses and Alberta Clippers produce frequent high-wind events. Orographic lifting over elevated terrain enhances local wind speeds above free-stream values. Wind resource peaks Nov-Mar; summer wind speeds are substantially lower. Moderate icing risk at turbine hub height in winter.",Siemens SWT-3.0-101; Gamesa G80-2.0; Nordex N90 HS; Vestas V90-3.0,虚拟机组及拟合参考机型,2,4.0,2×2,按表中机组数,4,80; 90; 101,3,参考机型，未分配机组数,≈39; ≈43.8; 44; 49,4,参考机型，未分配机组数,100,1,100 m: 2台
NREL_WTK_site51774_Missouri-Putnam_class3_12MW_2007-2013,Missouri-Putnam_class3,15 min,140301,NREL WTK,Onshore,"40.495354, -93.010345",N/A (site elevation unavailable); hub height 100 m agl,"Humid continental climate, hot summer","Four distinct seasons: warm summers (22-28 degC), cold winters (-8 to 0 degC). Precipitation 700-1100 mm/year. Winter polar air masses and extratropical cyclones drive high wind speeds with frequent storm events. Summer convective activity produces thunderstorm downbursts. Wind resource richest Oct-Apr, lowest Jun-Aug. Considerable interannual variability tied to polar jet stream position.",Vestas V100-1.8; GE 1.6-100; REpower 3.2M114,虚拟机组及拟合参考机型,6,12.0,6×2,按表中机组数,3,100; 114,2,参考机型，未分配机组数,48.7; ≈49; ≈55.5,3,参考机型，未分配机组数,100,1,100 m: 6台
NREL_WTK_site51833_Indiana-Boone_class3_16MW_2007-2013,Indiana-Boone_class3,15 min,156801,NREL WTK,Onshore,"40.094769, -86.36557",N/A (site elevation unavailable); hub height 100 m agl,"Humid continental climate, hot summer","Four distinct seasons: warm summers (22-28 degC), cold winters (-8 to 0 degC). Precipitation 700-1100 mm/year. Winter polar air masses and extratropical cyclones drive high wind speeds with frequent storm events. Summer convective activity produces thunderstorm downbursts. Wind resource richest Oct-Apr, lowest Jun-Aug. Considerable interannual variability tied to polar jet stream position.",Vestas V100-1.8; GE 1.6-100; REpower 3.2M114,虚拟机组及拟合参考机型,8,16.0,8×2,按表中机组数,3,100; 114,2,参考机型，未分配机组数,48.7; ≈49; ≈55.5,3,参考机型，未分配机组数,100,1,100 m: 8台
NREL_WTK_site54272_Maryland-Garrett_class2_16MW_2007-2013,Maryland-Garrett_class2,15 min,117881,NREL WTK,Onshore,"39.428959, -79.248413",N/A (site elevation unavailable); hub height 100 m agl,"Humid continental climate, warm summer","Warm summers (18-24 degC), severely cold winters (-15 to -5 degC). Precipitation 600-1000 mm/year with significant snowfall. Winter polar air masses and Alberta Clippers produce frequent high-wind events. Orographic lifting over elevated terrain enhances local wind speeds above free-stream values. Wind resource peaks Nov-Mar; summer wind speeds are substantially lower. Moderate icing risk at turbine hub height in winter.",Vestas V112-3.0; Siemens SWT-2.3-93; GE 1.6-82.5; GE 2.5XL,虚拟机组及拟合参考机型,8,16.0,8×2,按表中机组数,4,82.5; 93; 100; 112,4,参考机型，未分配机组数,≈40; 45; 48.7; ≈54.6,4,参考机型，未分配机组数,100,1,100 m: 8台
NREL_WTK_site55701_Delaware-Sussex_class3_16MW_2007-2013,Delaware-Sussex_class3,15 min,183367,NREL WTK,Onshore,"38.843746, -75.355103",N/A (site elevation unavailable); hub height 100 m agl,Humid subtropical climate,"Hot, humid summers (25-32 degC) and mild winters (5-12 degC). Precipitation 1000-1500 mm/year evenly distributed. Mid-latitude westerlies dominate; wind speeds peak in winter (extratropical cyclones), drop markedly in summer (subtropical high). Moderate diurnal wind variation. Occasional tropical cyclone landfalls produce short-duration extreme winds. Wind resource strongly seasonal: highest Nov-Apr, lowest Jun-Sep.",Vestas V100-1.8; GE 1.6-100; REpower 3.2M114,虚拟机组及拟合参考机型,8,16.0,8×2,按表中机组数,3,100; 114,2,参考机型，未分配机组数,48.7; ≈49; ≈55.5,3,参考机型，未分配机组数,100,1,100 m: 8台
NREL_WTK_site58040_Maryland-Garrett_class1_2MW_2007-2013,Maryland-Garrett_class1,15 min,164992,NREL WTK,Onshore,"39.716179, -78.922668",N/A (site elevation unavailable); hub height 100 m agl,"Humid continental climate, warm summer","Warm summers (18-24 degC), severely cold winters (-15 to -5 degC). Precipitation 600-1000 mm/year with significant snowfall. Winter polar air masses and Alberta Clippers produce frequent high-wind events. Orographic lifting over elevated terrain enhances local wind speeds above free-stream values. Wind resource peaks Nov-Mar; summer wind speeds are substantially lower. Moderate icing risk at turbine hub height in winter.",Siemens SWT-3.0-101; Gamesa G80-2.0; Nordex N90 HS; Vestas V90-3.0,虚拟机组及拟合参考机型,1,2.0,1×2,按表中机组数,4,80; 90; 101,3,参考机型，未分配机组数,≈39; ≈43.8; 44; 49,4,参考机型，未分配机组数,100,1,100 m: 1台
NREL_WTK_site58_Offshore-Gulf-TX_offshore_16MW_2007-2013,Offshore-Gulf-TX_offshore,15 min,171028,NREL WTK,Offshore,"25.317467, -97.332001",N/A (site elevation unavailable); hub height 100 m agl,Hot semi-arid climate,"Hot and dry with sparse seasonal rainfall (250-500 mm/year). Hot dry summers, mild winters. Brief rainy season. Moderate wind resource with strong diurnal cycle; sea-breeze influence significant in coastal zones. Hurricane risk in Gulf of Mexico.",Siemens SWT-3.6-107; GE 4.1-113; REpower 6M,虚拟机组及拟合参考机型,8,16.0,8×2,按表中机组数,3,107; 113; 126,3,参考机型，未分配机组数,52; ≈55; 61.5,3,参考机型，未分配机组数,100,1,100 m: 8台
NREL_WTK_site62251_Pennsylvania-Somerset_class1_10MW_2007-2013,Pennsylvania-Somerset_class1,15 min,245472,NREL WTK,Onshore,"40.052448, -78.777924",N/A (site elevation unavailable); hub height 100 m agl,"Humid continental climate, warm summer","Warm summers (18-24 degC), severely cold winters (-15 to -5 degC). Precipitation 600-1000 mm/year with significant snowfall. Winter polar air masses and Alberta Clippers produce frequent high-wind events. Orographic lifting over elevated terrain enhances local wind speeds above free-stream values. Wind resource peaks Nov-Mar; summer wind speeds are substantially lower. Moderate icing risk at turbine hub height in winter.",Siemens SWT-3.0-101; Gamesa G80-2.0; Nordex N90 HS; Vestas V90-3.0,虚拟机组及拟合参考机型,5,10.0,5×2,按表中机组数,4,80; 90; 101,3,参考机型，未分配机组数,≈39; ≈43.8; 44; 49,4,参考机型，未分配机组数,100,1,100 m: 5台
NREL_WTK_site65866_Nebraska-Banner_class1_12MW_2007-2013,Nebraska-Banner_class1,15 min,166926,NREL WTK,Onshore,"41.512772, -103.592041",N/A (site elevation unavailable); hub height 100 m agl,Cold semi-arid climate,"Semi-arid continental: hot summers (28-35 degC), cold winters (-5 to 5 degC). Precipitation 250-500 mm/year. Large diurnal temperature range (15-20 degC). Broad, open, low-roughness terrain combined with frequent mid-latitude cyclone passages yields consistently high year-round wind speeds — among the richest onshore wind resource regions globally. Wind speeds peak Mar-May; occasional summer thunderstorm downbursts; low icing risk.",Siemens SWT-3.0-101; Gamesa G80-2.0; Nordex N90 HS; Vestas V90-3.0,虚拟机组及拟合参考机型,6,12.0,6×2,按表中机组数,4,80; 90; 101,3,参考机型，未分配机组数,≈39; ≈43.8; 44; 49,4,参考机型，未分配机组数,100,1,100 m: 6台
NREL_WTK_site66923_Iowa-Audubon_class2_16MW_2007-2013,Iowa-Audubon_class2,15 min,157995,NREL WTK,Onshore,"41.852619, -95.089111",N/A (site elevation unavailable); hub height 100 m agl,"Humid continental climate, hot summer","Four distinct seasons: warm summers (22-28 degC), cold winters (-8 to 0 degC). Precipitation 700-1100 mm/year. Winter polar air masses and extratropical cyclones drive high wind speeds with frequent storm events. Summer convective activity produces thunderstorm downbursts. Wind resource richest Oct-Apr, lowest Jun-Aug. Considerable interannual variability tied to polar jet stream position.",Vestas V112-3.0; Siemens SWT-2.3-93; GE 1.6-82.5; GE 2.5XL,虚拟机组及拟合参考机型,8,16.0,8×2,按表中机组数,4,82.5; 93; 100; 112,4,参考机型，未分配机组数,≈40; 45; 48.7; ≈54.6,4,参考机型，未分配机组数,100,1,100 m: 8台
NREL_WTK_site67407_Nebraska-Hooker_class2_16MW_2007-2013,Nebraska-Hooker_class2,15 min,136207,NREL WTK,Onshore,"41.774906, -101.050232",N/A (site elevation unavailable); hub height 100 m agl,"Humid continental climate, hot summer","Four distinct seasons: warm summers (22-28 degC), cold winters (-8 to 0 degC). Precipitation 700-1100 mm/year. Winter polar air masses and extratropical cyclones drive high wind speeds with frequent storm events. Summer convective activity produces thunderstorm downbursts. Wind resource richest Oct-Apr, lowest Jun-Aug. Considerable interannual variability tied to polar jet stream position.",Vestas V112-3.0; Siemens SWT-2.3-93; GE 1.6-82.5; GE 2.5XL,虚拟机组及拟合参考机型,8,16.0,8×2,按表中机组数,4,82.5; 93; 100; 112,4,参考机型，未分配机组数,≈40; 45; 48.7; ≈54.6,4,参考机型，未分配机组数,100,1,100 m: 8台
NREL_WTK_site67639_Wyoming-Laramie_class1_10MW_2007-2013,Wyoming-Laramie_class1,15 min,216021,NREL WTK,Onshore,"41.515606, -105.214325",N/A (site elevation unavailable); hub height 100 m agl,Cold semi-arid climate,"Semi-arid continental: hot summers (28-35 degC), cold winters (-5 to 5 degC). Precipitation 250-500 mm/year. Large diurnal temperature range (15-20 degC). Broad, open, low-roughness terrain combined with frequent mid-latitude cyclone passages yields consistently high year-round wind speeds — among the richest onshore wind resource regions globally. Wind speeds peak Mar-May; occasional summer thunderstorm downbursts; low icing risk.",Siemens SWT-3.0-101; Gamesa G80-2.0; Nordex N90 HS; Vestas V90-3.0,虚拟机组及拟合参考机型,5,10.0,5×2,按表中机组数,4,80; 90; 101,3,参考机型，未分配机组数,≈39; ≈43.8; 44; 49,4,参考机型，未分配机组数,100,1,100 m: 5台
NREL_WTK_site67857_Ohio-Columbiana_class3_16MW_2007-2013,Ohio-Columbiana_class3,15 min,131369,NREL WTK,Onshore,"40.859097, -81.050537",N/A (site elevation unavailable); hub height 100 m agl,"Humid continental climate, hot summer","Four distinct seasons: warm summers (22-28 degC), cold winters (-8 to 0 degC). Precipitation 700-1100 mm/year. Winter polar air masses and extratropical cyclones drive high wind speeds with frequent storm events. Summer convective activity produces thunderstorm downbursts. Wind resource richest Oct-Apr, lowest Jun-Aug. Considerable interannual variability tied to polar jet stream position.",Vestas V100-1.8; GE 1.6-100; REpower 3.2M114,虚拟机组及拟合参考机型,8,16.0,8×2,按表中机组数,3,100; 114,2,参考机型，未分配机组数,48.7; ≈49; ≈55.5,3,参考机型，未分配机组数,100,1,100 m: 8台
NREL_WTK_site69733_NewJersey-Ocean_class2_6MW_2007-2013,NewJersey-Ocean_class2,15 min,205837,NREL WTK,Onshore,"39.773884, -74.21051",N/A (site elevation unavailable); hub height 100 m agl,"Humid continental climate, hot summer","Four distinct seasons: warm summers (22-28 degC), cold winters (-8 to 0 degC). Precipitation 700-1100 mm/year. Winter polar air masses and extratropical cyclones drive high wind speeds with frequent storm events. Summer convective activity produces thunderstorm downbursts. Wind resource richest Oct-Apr, lowest Jun-Aug. Considerable interannual variability tied to polar jet stream position.",Vestas V112-3.0; Siemens SWT-2.3-93; GE 1.6-82.5; GE 2.5XL,虚拟机组及拟合参考机型,3,6.0,3×2,按表中机组数,4,82.5; 93; 100; 112,4,参考机型，未分配机组数,≈40; 45; 48.7; ≈54.6,4,参考机型，未分配机组数,100,1,100 m: 3台
NREL_WTK_site73739_Wyoming-Albany_class1_16MW_2007-2013,Wyoming-Albany_class1,15 min,243327,NREL WTK,Onshore,"41.950932, -105.584061",N/A (site elevation unavailable); hub height 100 m agl,Cold semi-arid climate,"Semi-arid continental: hot summers (28-35 degC), cold winters (-5 to 5 degC). Precipitation 250-500 mm/year. Large diurnal temperature range (15-20 degC). Broad, open, low-roughness terrain combined with frequent mid-latitude cyclone passages yields consistently high year-round wind speeds — among the richest onshore wind resource regions globally. Wind speeds peak Mar-May; occasional summer thunderstorm downbursts; low icing risk.",Siemens SWT-3.0-101; Gamesa G80-2.0; Nordex N90 HS; Vestas V90-3.0,虚拟机组及拟合参考机型,8,16.0,8×2,按表中机组数,4,80; 90; 101,3,参考机型，未分配机组数,≈39; ≈43.8; 44; 49,4,参考机型，未分配机组数,100,1,100 m: 8台
NREL_WTK_site77482_Illinois-McHenry_class2_16MW_2007-2013,Illinois-McHenry_class2,15 min,161122,NREL WTK,Onshore,"42.47591, -88.562378",N/A (site elevation unavailable); hub height 100 m agl,"Humid continental climate, hot summer","Four distinct seasons: warm summers (22-28 degC), cold winters (-8 to 0 degC). Precipitation 700-1100 mm/year. Winter polar air masses and extratropical cyclones drive high wind speeds with frequent storm events. Summer convective activity produces thunderstorm downbursts. Wind resource richest Oct-Apr, lowest Jun-Aug. Considerable interannual variability tied to polar jet stream position.",Vestas V112-3.0; Siemens SWT-2.3-93; GE 1.6-82.5; GE 2.5XL,虚拟机组及拟合参考机型,8,16.0,8×2,按表中机组数,4,82.5; 93; 100; 112,4,参考机型，未分配机组数,≈40; 45; 48.7; ≈54.6,4,参考机型，未分配机组数,100,1,100 m: 8台
NREL_WTK_site78083_Wyoming-Carbon_class1_16MW_2007-2013,Wyoming-Carbon_class1,15 min,245472,NREL WTK,Onshore,"42.27528, -106.523483",N/A (site elevation unavailable); hub height 100 m agl,Cold semi-arid climate,"Semi-arid continental: hot summers (28-35 degC), cold winters (-5 to 5 degC). Precipitation 250-500 mm/year. Large diurnal temperature range (15-20 degC). Broad, open, low-roughness terrain combined with frequent mid-latitude cyclone passages yields consistently high year-round wind speeds — among the richest onshore wind resource regions globally. Wind speeds peak Mar-May; occasional summer thunderstorm downbursts; low icing risk.",Siemens SWT-3.0-101; Gamesa G80-2.0; Nordex N90 HS; Vestas V90-3.0,虚拟机组及拟合参考机型,8,16.0,8×2,按表中机组数,4,80; 90; 101,3,参考机型，未分配机组数,≈39; ≈43.8; 44; 49,4,参考机型，未分配机组数,100,1,100 m: 8台
NREL_WTK_site80743_Offshore-LakeErie-OH_offshore_16MW_2007-2013,Offshore-LakeErie-OH_offshore,15 min,170338,NREL WTK,Offshore,"42.073616, -81.633057",N/A (site elevation unavailable); hub height 100 m agl,"Humid continental climate, hot summer","Four distinct seasons: warm summers (22-28 degC), cold winters (-8 to 0 degC). Precipitation 700-1100 mm/year. Winter polar air masses and extratropical cyclones drive high wind speeds with frequent storm events. Summer convective activity produces thunderstorm downbursts. Wind resource richest Oct-Apr, lowest Jun-Aug. Considerable interannual variability tied to polar jet stream position.",Siemens SWT-3.6-107; GE 4.1-113; REpower 6M,虚拟机组及拟合参考机型,8,16.0,8×2,按表中机组数,3,107; 113; 126,3,参考机型，未分配机组数,52; ≈55; 61.5,3,参考机型，未分配机组数,100,1,100 m: 8台
NREL_WTK_site80793_Wyoming-Fremont_class2_16MW_2007-2013,Wyoming-Fremont_class2,15 min,245472,NREL WTK,Onshore,"42.301643, -108.713684",N/A (site elevation unavailable); hub height 100 m agl,Cold semi-arid climate,"Semi-arid continental: hot summers (28-35 degC), cold winters (-5 to 5 degC). Precipitation 250-500 mm/year. Large diurnal temperature range (15-20 degC). Broad, open, low-roughness terrain combined with frequent mid-latitude cyclone passages yields consistently high year-round wind speeds — among the richest onshore wind resource regions globally. Wind speeds peak Mar-May; occasional summer thunderstorm downbursts; low icing risk.",Vestas V112-3.0; Siemens SWT-2.3-93; GE 1.6-82.5; GE 2.5XL,虚拟机组及拟合参考机型,8,16.0,8×2,按表中机组数,4,82.5; 93; 100; 112,4,参考机型，未分配机组数,≈40; 45; 48.7; ≈54.6,4,参考机型，未分配机组数,100,1,100 m: 8台
NREL_WTK_site8095_Texas-Pecos_class1_12MW_2007-2013,Texas-Pecos_class1,15 min,146390,NREL WTK,Onshore,"30.779396, -102.38266",N/A (site elevation unavailable); hub height 100 m agl,Hot semi-arid climate,"Hot and dry with sparse seasonal rainfall (250-500 mm/year). Hot dry summers, mild winters. Brief rainy season. Moderate wind resource with strong diurnal cycle; sea-breeze influence significant in coastal zones. Hurricane risk in Gulf of Mexico.",Siemens SWT-3.0-101; Gamesa G80-2.0; Nordex N90 HS; Vestas V90-3.0,虚拟机组及拟合参考机型,6,12.0,6×2,按表中机组数,4,80; 90; 101,3,参考机型，未分配机组数,≈39; ≈43.8; 44; 49,4,参考机型，未分配机组数,100,1,100 m: 6台
NREL_WTK_site8181_Texas-Pecos_class2_16MW_2007-2013,Texas-Pecos_class2,15 min,245472,NREL WTK,Onshore,"30.83231, -102.134521",N/A (site elevation unavailable); hub height 100 m agl,Hot semi-arid climate,"Hot and dry with sparse seasonal rainfall (250-500 mm/year). Hot dry summers, mild winters. Brief rainy season. Moderate wind resource with strong diurnal cycle; sea-breeze influence significant in coastal zones. Hurricane risk in Gulf of Mexico.",Vestas V112-3.0; Siemens SWT-2.3-93; GE 1.6-82.5; GE 2.5XL,虚拟机组及拟合参考机型,8,16.0,8×2,按表中机组数,4,82.5; 93; 100; 112,4,参考机型，未分配机组数,≈40; 45; 48.7; ≈54.6,4,参考机型，未分配机组数,100,1,100 m: 8台
NREL_WTK_site81893_Offshore-LakeErie_offshore_16MW_2007-2013,Offshore-LakeErie_offshore,15 min,128470,NREL WTK,Offshore,"42.188225, -81.783508",N/A (site elevation unavailable); hub height 100 m agl,"Humid continental climate, hot summer","Four distinct seasons: warm summers (22-28 degC), cold winters (-8 to 0 degC). Precipitation 700-1100 mm/year. Winter polar air masses and extratropical cyclones drive high wind speeds with frequent storm events. Summer convective activity produces thunderstorm downbursts. Wind resource richest Oct-Apr, lowest Jun-Aug. Considerable interannual variability tied to polar jet stream position.",Siemens SWT-3.6-107; GE 4.1-113; REpower 6M,虚拟机组及拟合参考机型,8,16.0,8×2,按表中机组数,3,107; 113; 126,3,参考机型，未分配机组数,52; ≈55; 61.5,3,参考机型，未分配机组数,100,1,100 m: 8台
NREL_WTK_site82617_Pennsylvania-McKean_class3_16MW_2007-2013,Pennsylvania-McKean_class3,15 min,131654,NREL WTK,Onshore,"41.764473, -78.556396",N/A (site elevation unavailable); hub height 100 m agl,"Humid continental climate, warm summer","Warm summers (18-24 degC), severely cold winters (-15 to -5 degC). Precipitation 600-1000 mm/year with significant snowfall. Winter polar air masses and Alberta Clippers produce frequent high-wind events. Orographic lifting over elevated terrain enhances local wind speeds above free-stream values. Wind resource peaks Nov-Mar; summer wind speeds are substantially lower. Moderate icing risk at turbine hub height in winter.",Vestas V100-1.8; GE 1.6-100; REpower 3.2M114,虚拟机组及拟合参考机型,8,16.0,8×2,按表中机组数,3,100; 114,2,参考机型，未分配机组数,48.7; ≈49; ≈55.5,3,参考机型，未分配机组数,100,1,100 m: 8台
NREL_WTK_site89648_Connecticut-Fairfield_class3_6MW_2007-2013,Connecticut-Fairfield_class3,15 min,133302,NREL WTK,Onshore,"41.324596, -73.530121",N/A (site elevation unavailable); hub height 100 m agl,"Humid continental climate, hot summer","Four distinct seasons: warm summers (22-28 degC), cold winters (-8 to 0 degC). Precipitation 700-1100 mm/year. Winter polar air masses and extratropical cyclones drive high wind speeds with frequent storm events. Summer convective activity produces thunderstorm downbursts. Wind resource richest Oct-Apr, lowest Jun-Aug. Considerable interannual variability tied to polar jet stream position.",Vestas V100-1.8; GE 1.6-100; REpower 3.2M114,虚拟机组及拟合参考机型,3,6.0,3×2,按表中机组数,3,100; 114,2,参考机型，未分配机组数,48.7; ≈49; ≈55.5,3,参考机型，未分配机组数,100,1,100 m: 3台
NREL_WTK_site90195_Wyoming-Fremont_class1_14MW_2007-2013,Wyoming-Fremont_class1,15 min,243007,NREL WTK,Onshore,"42.942017, -109.18869",N/A (site elevation unavailable); hub height 100 m agl,Subarctic climate,"Cool summers (15-20 degC), extremely cold winters (-20 to -8 degC). Precipitation 400-700 mm/year, mostly as snow. Long winter season with persistent high wind speeds driven by polar and Arctic air masses. Short summer with moderate winds. Significant icing risk Nov-Apr. Orographic acceleration over mountain terrain critical for viable wind resource. Wind resource excellent at exposed ridge-top sites.",Siemens SWT-3.0-101; Gamesa G80-2.0; Nordex N90 HS; Vestas V90-3.0,虚拟机组及拟合参考机型,7,14.0,7×2,按表中机组数,4,80; 90; 101,3,参考机型，未分配机组数,≈39; ≈43.8; 44; 49,4,参考机型，未分配机组数,100,1,100 m: 7台
NREL_WTK_site90762_Wisconsin-Washington_class3_10MW_2007-2013,Wisconsin-Washington_class3,15 min,206121,NREL WTK,Onshore,"43.506351, -88.326813",N/A (site elevation unavailable); hub height 100 m agl,"Humid continental climate, warm summer","Warm summers (18-24 degC), severely cold winters (-15 to -5 degC). Precipitation 600-1000 mm/year with significant snowfall. Winter polar air masses and Alberta Clippers produce frequent high-wind events. Orographic lifting over elevated terrain enhances local wind speeds above free-stream values. Wind resource peaks Nov-Mar; summer wind speeds are substantially lower. Moderate icing risk at turbine hub height in winter.",Vestas V100-1.8; GE 1.6-100; REpower 3.2M114,虚拟机组及拟合参考机型,5,10.0,5×2,按表中机组数,3,100; 114,2,参考机型，未分配机组数,48.7; ≈49; ≈55.5,3,参考机型，未分配机组数,100,1,100 m: 5台
NREL_WTK_site91916_Idaho-TwinFalls_class2_16MW_2007-2013,Idaho-TwinFalls_class2,15 min,123178,NREL WTK,Onshore,"42.29221, -114.71106",N/A (site elevation unavailable); hub height 100 m agl,Cold semi-arid climate,"Semi-arid continental: hot summers (28-35 degC), cold winters (-5 to 5 degC). Precipitation 250-500 mm/year. Large diurnal temperature range (15-20 degC). Broad, open, low-roughness terrain combined with frequent mid-latitude cyclone passages yields consistently high year-round wind speeds — among the richest onshore wind resource regions globally. Wind speeds peak Mar-May; occasional summer thunderstorm downbursts; low icing risk.",Vestas V112-3.0; Siemens SWT-2.3-93; GE 1.6-82.5; GE 2.5XL,虚拟机组及拟合参考机型,8,16.0,8×2,按表中机组数,4,82.5; 93; 100; 112,4,参考机型，未分配机组数,≈40; 45; 48.7; ≈54.6,4,参考机型，未分配机组数,100,1,100 m: 8台
NREL_WTK_site92712_Wyoming-Fremont_class1_8MW_2007-2013,Wyoming-Fremont_class1,15 min,224496,NREL WTK,Onshore,"43.159077, -109.41925",N/A (site elevation unavailable); hub height 100 m agl,Tundra climate,"Treeless tundra with permafrost. Very brief cool summer (2-3 months), extremely long polar winter. Precipitation very low (under 300 mm/year). Persistent katabatic and gradient winds produce high year-round wind speeds at exposed locations. Extreme icing risk. Wind resource excellent but development constrained by remoteness and harsh conditions.",Siemens SWT-3.0-101; Gamesa G80-2.0; Nordex N90 HS; Vestas V90-3.0,虚拟机组及拟合参考机型,4,8.0,4×2,按表中机组数,4,80; 90; 101,3,参考机型，未分配机组数,≈39; ≈43.8; 44; 49,4,参考机型，未分配机组数,100,1,100 m: 4台
NREL_WTK_site9438_Mississippi-Simpson_class3_16MW_2007-2013,Mississippi-Simpson_class3,15 min,157997,NREL WTK,Onshore,"31.789505, -89.800232",N/A (site elevation unavailable); hub height 100 m agl,Humid subtropical climate,"Hot, humid summers (25-32 degC) and mild winters (5-12 degC). Precipitation 1000-1500 mm/year evenly distributed. Mid-latitude westerlies dominate; wind speeds peak in winter (extratropical cyclones), drop markedly in summer (subtropical high). Moderate diurnal wind variation. Occasional tropical cyclone landfalls produce short-duration extreme winds. Wind resource strongly seasonal: highest Nov-Apr, lowest Jun-Sep.",Vestas V100-1.8; GE 1.6-100; REpower 3.2M114,虚拟机组及拟合参考机型,8,16.0,8×2,按表中机组数,3,100; 114,2,参考机型，未分配机组数,48.7; ≈49; ≈55.5,3,参考机型，未分配机组数,100,1,100 m: 8台
NREL_WTK_site96777_Offshore-NewEngland_offshore_16MW_2007-2013,Offshore-NewEngland_offshore,15 min,154127,NREL WTK,Offshore,"41.354832, -71.034302",N/A (site elevation unavailable); hub height 100 m agl,"Humid continental climate, hot summer","Four distinct seasons: warm summers (22-28 degC), cold winters (-8 to 0 degC). Precipitation 700-1100 mm/year. Winter polar air masses and extratropical cyclones drive high wind speeds with frequent storm events. Summer convective activity produces thunderstorm downbursts. Wind resource richest Oct-Apr, lowest Jun-Aug. Considerable interannual variability tied to polar jet stream position.",Siemens SWT-3.6-107; GE 4.1-113; REpower 6M,虚拟机组及拟合参考机型,8,16.0,8×2,按表中机组数,3,107; 113; 126,3,参考机型，未分配机组数,52; ≈55; 61.5,3,参考机型，未分配机组数,100,1,100 m: 8台
NREL_WTK_site97066_Offshore-Nantucket-MA_offshore_16MW_2007-2013,Offshore-Nantucket-MA_offshore,15 min,46919,NREL WTK,Offshore,"41.069138, -69.807617",N/A (site elevation unavailable); hub height 100 m agl,"Humid continental climate, warm summer","Warm summers (18-24 degC), severely cold winters (-15 to -5 degC). Precipitation 600-1000 mm/year with significant snowfall. Winter polar air masses and Alberta Clippers produce frequent high-wind events. Orographic lifting over elevated terrain enhances local wind speeds above free-stream values. Wind resource peaks Nov-Mar; summer wind speeds are substantially lower. Moderate icing risk at turbine hub height in winter.",Siemens SWT-3.6-107; GE 4.1-113; REpower 6M,虚拟机组及拟合参考机型,8,16.0,8×2,按表中机组数,3,107; 113; 126,3,参考机型，未分配机组数,52; ≈55; 61.5,3,参考机型，未分配机组数,100,1,100 m: 8台
NREL_WTK_site97524_Michigan-Sanilac_class3_16MW_2007-2013,Michigan-Sanilac_class3,15 min,207317,NREL WTK,Onshore,"43.50803, -82.655518",N/A (site elevation unavailable); hub height 100 m agl,"Humid continental climate, warm summer","Warm summers (18-24 degC), severely cold winters (-15 to -5 degC). Precipitation 600-1000 mm/year with significant snowfall. Winter polar air masses and Alberta Clippers produce frequent high-wind events. Orographic lifting over elevated terrain enhances local wind speeds above free-stream values. Wind resource peaks Nov-Mar; summer wind speeds are substantially lower. Moderate icing risk at turbine hub height in winter.",Vestas V100-1.8; GE 1.6-100; REpower 3.2M114,虚拟机组及拟合参考机型,8,16.0,8×2,按表中机组数,3,100; 114,2,参考机型，未分配机组数,48.7; ≈49; ≈55.5,3,参考机型，未分配机组数,100,1,100 m: 8台
NREL_WTK_site98600_RhodeIsland-Kent_class3_16MW_2007-2013,RhodeIsland-Kent_class3,15 min,116408,NREL WTK,Onshore,"41.619774, -71.572418",N/A (site elevation unavailable); hub height 100 m agl,"Humid continental climate, hot summer","Four distinct seasons: warm summers (22-28 degC), cold winters (-8 to 0 degC). Precipitation 700-1100 mm/year. Winter polar air masses and extratropical cyclones drive high wind speeds with frequent storm events. Summer convective activity produces thunderstorm downbursts. Wind resource richest Oct-Apr, lowest Jun-Aug. Considerable interannual variability tied to polar jet stream position.",Vestas V100-1.8; GE 1.6-100; REpower 3.2M114,虚拟机组及拟合参考机型,8,16.0,8×2,按表中机组数,3,100; 114,2,参考机型，未分配机组数,48.7; ≈49; ≈55.5,3,参考机型，未分配机组数,100,1,100 m: 8台
Anholt,Anholt,30 min,111939,ENTSOE,Offshore,"56.627126, 11.249050",0 m (sea level),Temperate oceanic climate,"Frequent westerly and southwesterly winds shaped by North Atlantic weather systems and cyclonic activity. Mean wind speeds moderate to high, particularly during autumn and winter when storm systems are more active. Mild winters and cool summers with limited seasonal variation. Frequent precipitation spread relatively evenly across the year. Wind availability generally consistent with few calm periods.","Siemens Gamesa Renewable Energy, SWT 3.6-120",实际机组型号,111,399.6,111×3.6,按表中机组数,0,120,1,120 m: 111台,58.5,1,58.5 m: 111台,81.6,1,81.6 m: 111台
Belwind Phase 1,Belwind Phase 1,30 min,95519,ENTSOE,Offshore,"51.665950, 2.801160",0 m (sea level),Temperate oceanic climate,"Moderate to strong westerly winds, especially in autumn and winter, due to proximity to the North Sea and Atlantic systems. Mean wind speeds moderate compared to exposed coastal areas but still provide good wind availability. Mild temperatures year-round with cool summers and relatively mild winters. Precipitation fairly evenly distributed. Wind conditions moderately consistent with fewer calm periods than inland regions.",Vestas V90/3000; Alstom Haliade 150-6MW demonstrator,实际机组型号,56,171.0,55×3 + 1×6,按表中机组数,0,90; 150,2,90 m: 55台; 150 m: 1台,44; 73.5,2,44 m: 55台; 73.5 m: 1台,72; 100,2,72 m: 55台; 100 m: 1台
DK_KF_AB_GU,DK_KF_AB_GU,30 min,56496,ENTSOE,Offshore,"55.020900, 12.907400",0 m (sea level),Temperate oceanic climate,"Moderate to strong westerly winds driven by low-pressure systems from the North Atlantic, especially in winter. Mean wind speeds generally high with strongest winds during autumn and winter. Mild temperatures year-round with cool summers and relatively warm winters. Precipitation distributed evenly across the year with highest amounts in autumn and winter. Consistent winds and few calm periods contribute to high wind energy potential.",Siemens Gamesa SWT-8.4-167,实际机组型号,72,604.8,72×8.4,按表中机组数,0,167,1,167 m: 72台,81.5,1,81.5 m: 72台,107,1,107 m: 72台
Horns Rev A,Horns Rev A,30 min,111940,ENTSOE,Offshore,"55.485972, 7.839972",0 m (sea level),Temperate oceanic climate,"Moderate to high winds with frequent westerly winds driven by North Atlantic low-pressure systems. Mean wind speeds are generally high, particularly in autumn and winter when cyclonic systems are more active. Mild temperatures year-round with cool summers and mild winters support stable turbine operation. Precipitation evenly distributed. Wind availability is high and consistent, especially during winter when the North Sea influences weather patterns.",Vestas V80/2000,实际机组型号,80,160.0,80×2,按表中机组数,0,80,1,80 m: 80台,39,1,39 m: 80台,70,1,70 m: 80台
Horns Rev B,Horns Rev B,30 min,112036,ENTSOE,Offshore,"55.603273, 7.631800",0 m (sea level),Temperate oceanic climate,"Persistent westerly and southwesterly winds driven by North Atlantic low-pressure systems. Mean wind speeds moderate to high, particularly during autumn and winter when pressure gradients are strongest. Small seasonal temperature variation with mild winters and cool summers. Wind availability generally high with relatively few calm periods; storm systems can produce occasional strong gust events. Maritime setting supports stable large-scale wind regimes favorable for consistent wind energy generation.","Siemens Gamesa Renewable Energy, SWT 2.3-93",实际机组型号,91,209.3,91×2.3,按表中机组数,0,93,1,93 m: 91台,45,1,45 m: 91台,68,1,68 m: 91台
Horns Rev C,Horns Rev C,30 min,73399,ENTSOE,Offshore,"55.689200, 7.663500",0 m (sea level),Temperate oceanic climate,"Persistent westerly and southwesterly winds driven by frequent North Atlantic low-pressure systems. Mean wind speeds high by European standards, particularly in autumn and winter with strong pressure gradients. Calm periods relatively rare compared with inland continental regions. Modest seasonal temperature variation with cool summers and mild winters. Storm events can generate short-term high gusts, but overall wind regime is energetic and reliable.",Vestas V164-8.3,实际机组型号,49,406.7,49×8.3,按表中机组数,0,164,1,164 m: 49台,80,1,80 m: 49台,105,1,105 m: 49台
LARYO-1,LARYO-1,30 min,85521,ENTSOE,Offshore,"51.625972, 1.495972",0 m (sea level),Temperate maritime climate,"Sheltered yet energetic maritime climate, protected from the most extreme Atlantic swells by the UK landmass while still receiving consistent prevailing winds from the southwest. Average wind speeds robust, typically exceeding 9.3 m/s at hub height, with peak intensity during autumn and winter. Drier than the UK west coast but experiences frequent cloud cover and occasional sea fog (haar). Moderate temperatures year-round prevent sea ice formation and ensure high availability.",Siemens SWT-3.6-120,实际机组型号,175,630.0,175×3.6,按表中机组数,0,120,1,120 m: 175台,58.5,1,58.5 m: 175台,87,1,87 m: 175台
MINSW-1,MINSW-1,30 min,87535,ENTSOE,Onshore,"55.112250, -3.221803",265 m,Temperate oceanic climate,"Persistent westerly to southwesterly winds driven by North Atlantic low-pressure systems. Wind speeds moderate to high with peak energy availability in autumn and winter when pressure gradients intensify. Seasonal temperature variability limited, supporting stable air density conditions and relatively consistent annual wind production.",Siemens SWT-2.3-93,实际机组型号,16,36.8,16×2.3,按表中机组数,0,93,1,93 m: 16台,45,1,45 m: 16台,≈73.5,1,73.5 m: 16台
Roedsand 1,Roedsand 1,30 min,111940,ENTSOE,Offshore,"54.550000, 11.715000",0 m (sea level),Temperate oceanic climate,"Frequent maritime winds, mainly from the west and southwest, shaped by North Atlantic weather systems and Baltic circulation patterns. Mean wind speeds moderate to relatively high, particularly during autumn and winter. Cool summers and mild winters with limited seasonal temperature extremes. Wind availability generally steady, slightly lower than exposed North Sea sites. Surrounding sea moderates atmospheric stability.",Siemens SWT-2.3-82,实际机组型号,72,165.6,72×2.3,按表中机组数,0,82,1,82 m: 72台,40,1,40 m: 72台,69,1,69 m: 72台
Roedsand 2,Roedsand 2,30 min,112036,ENTSOE,Offshore,"54.558361, 11.530667",0 m (sea level),Temperate oceanic climate,"Consistent westerly winds with seasonal variations due to low-pressure systems from the North Atlantic. Mean wind speeds moderate to high, particularly during autumn and winter. Mild winters with cool summers and year-round precipitation generally evenly distributed. Lower temperature extremes provide stable conditions for wind turbines. Steady wind resource with few calm periods.",Siemens SWT-2.3-93,实际机组型号,90,207.0,90×2.3,按表中机组数,0,93,1,93 m: 90台,45,1,45 m: 90台,68.5,1,68.5 m: 90台
Thorntonbank - C-Power - Area SW,Thorntonbank - C-Power - Area SW,30 min,95519,ENTSOE,Offshore,"51.560000, 2.970000",0 m (sea level),Temperate oceanic climate,"Persistent westerly and southwesterly winds driven by North Atlantic low-pressure systems. Mean wind speeds moderate to relatively high, especially in autumn and winter when cyclonic activity intensifies. Calm periods infrequent compared to inland Belgium. Mild temperatures with limited seasonal extremes. Maritime exposure results in good wind consistency and relatively low atmospheric stability issues.",Senvion REpower 5M; Senvion 6.2M126,实际机组型号,30,178.05,6×5.075 + 24×6.15,按表中机组数,0,126,1,126 m: 30台,61.5,1,61.5 m: 30台,94,1,94 m: 6台; 未知尺寸: 24台
Thorntonbank - C-Power - Area NE,Thorntonbank - C-Power - Area NE,30 min,95496,ENTSOE,Offshore,"51.540000, 2.920000",0 m (sea level),Temperate oceanic climate,"Persistent westerly and southwesterly winds associated with North Atlantic low-pressure systems. Mean wind speeds moderate to high, particularly during autumn and winter when synoptic pressure gradients are strongest. Calm periods relatively rare compared to inland Belgium. Mild temperatures with limited seasonal extremes. Strong maritime influence results in high wind reliability and favorable conditions.",Senvion 6.2M126,实际机组型号,24,147.6,24×6.15,按表中机组数,0,126,1,126 m: 24台,61.5,1,61.5 m: 24台,,0,未知尺寸: 24台
UP_BDDSLDSRDI_1,UP_BDDSLDSRDI_1,30 min,118698,ENTSOE,Onshore,"40.674856, 9.254538",828 m,Mediterranean climate,"Moderate to strong winds, particularly from the northwest and west, influenced by marine systems from the Mediterranean Sea. Wind speeds moderate to high, especially in spring and autumn. Summers hot and dry with limited rainfall; winters mild and wetter. Precipitation mostly in winter; summers typically dry. Wind availability moderate to high in cooler months with calmer periods in summer.",Enercon E70/2000,实际机组型号,69,138.0,69×2,按表中机组数,0,71,1,71 m: 69台,,0,未知尺寸: 69台,,0,未知尺寸: 69台
WLNYW-1,WLNYW-1,30 min,85573,ENTSOE,Offshore,"53.810417, -4.907417",0 m (sea level),Temperate maritime climate,"Heavily influenced by the North Atlantic Oscillation resulting in frequent and strong prevailing winds from the southwest and west. Mean wind speeds exceptionally high, averaging over 9.3 m/s at hub height, with peak intensity and consistency during autumn and winter. Maritime environment ensures mild temperatures year-round, limiting thermal extremes and preventing significant icing. Precipitation and cloud cover frequent, driven by regular passage of Atlantic low-pressure systems.",Siemens SWT-3.6-107,实际机组型号,51,183.6,51×3.6,按表中机组数,0,107,1,107 m: 51台,52,1,52 m: 51台,83.5,1,83.5 m: 51台
BALDHWF1,BALDHWF1,5 min,105120,AEMO,Onshore,"-38.758977, 145.953660",71 m,Temperate oceanic climate,"Frequent and often strong westerly winds driven by the mid-latitude westerly belt (Roaring Forties) and passing frontal systems. Mean wind speeds moderate to high year-round, with particularly energetic conditions in winter and spring. Moderate temperature variability with cool summers and mild winters. Frontal passages can produce gusty conditions and rapid wind shifts. Wind availability is high and persistent.",Senvion MM92/2050,实际机组型号,52,106.6,52×2.05,按表中机组数,0,92.5,1,92.5 m: 52台,≈45.2,1,45.2 m: 52台,80,1,80 m: 52台
BLUFF1,BLUFF1,5 min,105120,AEMO,Onshore,"-40.798554, 144.714532",10 m,Temperate oceanic climate,"Exposed to the mid-latitude westerlies (Roaring Forties), producing frequent and often strong west to southwest winds. Mean wind speeds high by Australian standards, particularly during winter and spring when frontal systems are most active. Cloud cover and precipitation common. Temperature extremes limited with cool summers and mild winters. Wind availability persistent with relatively few calm periods.",Vestas V66-1.75,实际机组型号,37,64.75,37×1.75,按表中机组数,0,66,1,66 m: 37台,32,1,32 m: 37台,60,1,60 m: 37台
BOCORWF1,BOCORWF1,5 min,105120,AEMO,Onshore,"-36.579295, 149.103844",1032 m,Temperate climate,"Moderate winds with predominant westerly and southwesterly winds influenced by both the Southern Ocean and the Great Dividing Range. Mean wind speeds moderate compared to coastal regions but still provide steady wind. Summers warm, winters cool with mild seasonal variation. Precipitation moderate, evenly distributed across the year. Wind availability generally consistent.",GE 1.7-100; GE 1.6-100,实际机组型号,67,113.0,58×1.7 + 9×1.6,按表中机组数,0,100,1,100 m: 67台,48.7,1,48.7 m: 67台,80,1,80 m: 67台
CAPTL_WF,CAPTL_WF,5 min,105120,AEMO,Onshore,"-35.174143, 149.516180",886 m,Temperate climate,"Moderate westerly and southerly winds driven by the Southern Ocean and passing cold fronts. Wind speeds generally moderate to high, particularly in winter. Summers warm and dry, winters cool with occasional frosts. Precipitation moderate with slight concentration in spring and summer. Wind availability remains fairly consistent year-round.",Suzlon S88-2.1,实际机组型号,67,140.7,67×2.1,按表中机组数,0,88,1,88 m: 67台,≈43.2,1,43.2 m: 67台,80,1,80 m: 67台
CATHROCK,CATHROCK,5 min,105120,AEMO,Onshore,"-34.865044, 135.596685",133 m,Semi-arid climate,"Moderate winds, primarily from the west to southwest, influenced by southern oceanic weather systems. Mean wind speeds moderate, with higher wind speeds in winter due to strong low-pressure systems. Summers hot and dry, winters cooler with occasional rainfall concentrated in winter months. Wind availability moderate to good, with frequent calm periods during summer.",Vestas V80-2.0,实际机组型号,31,62.0,31×2,按表中机组数,0,80,1,80 m: 31台,39,1,39 m: 31台,60,1,60 m: 31台
CHALLHWF,CHALLHWF,5 min,105120,AEMO,Onshore,"-37.397461, 143.098786",425 m,Temperate climate,"Moderate winds, particularly from the west and southwest, influenced by both the Southern Ocean and local weather systems. Wind speeds moderate, generally higher during winter due to passing cold fronts. Summers warm and can occasionally be dry, winters cool. Precipitation moderate and fairly evenly distributed. Wind availability moderate with more frequent calm periods during summer.",NEG Micon NM64C-1.5,实际机组型号,35,52.5,35×1.5,按表中机组数,0,64,1,64 m: 35台,≈31.7,1,31.7 m: 35台,68,1,68 m: 35台
CLEMGPWF,CLEMGPWF,5 min,105120,AEMO,Onshore,"-33.509427, 138.114514",173 m,Semi-arid climate,"Moderate to light winds, typically from the west and southwest, with occasional strong gusts from passing low-pressure systems. Wind speeds generally lower compared to coastal areas with frequent calm periods, especially in summer. Summers hot and dry, winters mild and slightly wetter. Wind availability moderate with variability across seasons.",Suzlon S88-2.1,实际机组型号,27,56.7,27×2.1,按表中机组数,0,88,1,88 m: 27台,≈43.2,1,43.2 m: 27台,79,1,79 m: 27台
CNUNDAWF,CNUNDAWF,5 min,105120,AEMO,Onshore,"-37.809126, 140.418022",25 m,Semi-arid climate,"Moderate westerly and southwesterly winds influenced by the Southern Ocean and passing cold fronts. Mean wind speeds moderate, with stronger winds during winter and spring. Summers hot and dry with higher temperature variability, winters cool with more consistent rainfall. Wind availability moderate with lower wind speeds in summer due to high-pressure systems.",Vestas V80/2000,实际机组型号,23,46.0,23×2,按表中机组数,0,80,1,80 m: 23台,39,1,39 m: 23台,67,1,67 m: 23台
CULLRGWF,CULLRGWF,5 min,105120,AEMO,Onshore,"-34.805223, 149.400310",836 m,Temperate climate,"Moderate winds primarily from the west and southwest, with frequent cold fronts from the Southern Ocean. Wind speeds generally moderate to high, particularly in winter. Cool winters with occasional frosts, moderately warm summers. Precipitation moderate and evenly distributed with slight peak during winter. Wind availability consistent with fewer calm periods than more inland regions.",Senvion MM92/2050; Senvion MM82/2000; Senvion MM82/2050,实际机组型号,15,30.45,7×2.05 + 6×2 + 2×2.05,按表中机组数,0,82; 92.5,2,82 m: 8台; 92.5 m: 7台,40; ≈45.2,2,40 m: 8台; 45.2 m: 7台,80,1,80 m: 15台
GULLRWF1,GULLRWF1,5 min,105120,AEMO,Onshore,"-34.544150, 149.432464",964 m,Temperate climate,"Moderate westerly and southerly winds influenced by the Southern Ocean and passing low-pressure systems. Mean wind speeds moderate, with stronger winds in winter when cold fronts bring active weather. Summers warm, winters cool with occasional frost. Precipitation evenly distributed with slightly more rainfall during cooler months. Wind availability fairly consistent.",Goldwind GW109/2500; Goldwind GW82/1500,实际机组型号,73,165.5,56×2.5 + 17×1.5,按表中机组数,0,82.3; 109,2,82.3 m: 17台; 109 m: 56台,,0,未知尺寸: 73台,80; 85,2,80 m: 56台; 85 m: 17台
GUNNING1,GUNNING1,5 min,105120,AEMO,Onshore,"-34.686234, 149.381869",888 m,Temperate climate,"Moderate westerly and southwesterly winds influenced by cold fronts from the Southern Ocean. Wind speeds moderate, typically higher in winter due to stronger pressure gradients. Summers warm, winters cool with occasional frosts. Precipitation moderate throughout the year with slightly higher rainfall in winter. Wind availability moderate.",Acciona AW-1500/70,实际机组型号,31,46.5,31×1.5,按表中机组数,0,70,1,70 m: 31台,34,1,34 m: 31台,80,1,80 m: 31台
HALLWF1,HALLWF1,5 min,105120,AEMO,Onshore,"-33.315257, 138.707170",632 m,Semi-arid climate,"Light to moderate winds with westerly and northwesterly winds most common, influenced by high-pressure systems over the interior. Wind speeds generally low to moderate with frequent calm periods, particularly during summer. Summers hot and dry, winters cool and dry with minimal rainfall. Precipitation low with majority of rain in winter. Wind energy potential limited due to lower wind consistency.",Suzlon S88-2.1,实际机组型号,45,94.5,45×2.1,按表中机组数,0,88,1,88 m: 45台,≈43.2,1,43.2 m: 45台,80,1,80 m: 45台
SNOWTWN1,SNOWTWN1,5 min,105120,AEMO,Onshore,"-33.731722, 138.135194",120 m,Semi-arid climate,"Moderate prevailing winds mainly from the west and southwest associated with mid-latitude westerlies and passing frontal systems. Wind speeds generally increase during winter and spring when pressure gradients strengthen across southern Australia. Summers hot and dry with more persistent high-pressure systems, leading to lower wind frequency but occasional strong gusts during frontal passages.",Suzlon S88-2.1; Suzlon S95-2.1,实际机组型号,48,100.8,47×2.1 + 1×2.1,按表中机组数,0,88; 95,2,88 m: 47台; 95 m: 1台,≈43.2; 46.5,2,43.2 m: 47台; 46.5 m: 1台,80,1,80 m: 48台
STARHLWF,STARHLWF,5 min,105120,AEMO,Onshore,"-35.570333, 138.157528",210 m,Mediterranean climate,"Moderate to strong westerly and southwesterly winds driven by mid-latitude westerlies and Southern Ocean frontal systems. Wind speeds generally higher during winter and spring when frequent low-pressure systems increase pressure gradients. Summers warm and dry under subtropical high-pressure dominance, resulting in somewhat reduced but still regular coastal wind activity.",Neg Micon NM64C-1.5,实际机组型号,23,34.5,23×1.5,按表中机组数,0,64,1,64 m: 23台,≈31.7,1,31.7 m: 23台,68,1,68 m: 23台
WATERLWF,WATERLWF,5 min,105120,AEMO,Onshore,"-33.996472, 138.915194",430 m,Mediterranean climate,"Moderate prevailing winds mainly from the west and southwest associated with mid-latitude westerlies. Wind speeds generally stronger in winter and spring when frontal systems move across southern Australia. Summers hot and dry with stable high-pressure systems, leading to somewhat reduced wind frequency but occasional strong gusts during frontal transitions.",Vestas V90/3000; Vestas V117-3.3,实际机组型号,43,130.8,37×3 + 6×3.3,按表中机组数,0,90; 117,2,90 m: 37台; 117 m: 6台,44; 57.2,2,44 m: 37台; 57.2 m: 6台,80; 91.5,2,80 m: 37台; 91.5 m: 6台
NREL_WTK_site101275_SouthDakota-Deuel_class2_16MW_2007-2013,SouthDakota-Deuel_class2,15 min,170338,NREL WTK,Onshore,"44.608551, -96.719482",N/A (site elevation unavailable); hub height 100 m agl,"Humid continental climate, hot summer","Four distinct seasons: warm summers (22-28 degC), cold winters (-8 to 0 degC). Precipitation 700-1100 mm/year. Winter polar air masses and extratropical cyclones drive high wind speeds with frequent storm events. Summer convective activity produces thunderstorm downbursts. Wind resource richest Oct-Apr, lowest Jun-Aug. Considerable interannual variability tied to polar jet stream position.",Vestas V112-3.0; Siemens SWT-2.3-93; GE 1.6-82.5; GE 2.5XL,虚拟机组及拟合参考机型,8,16.0,8×2,按表中机组数,4,82.5; 93; 100; 112,4,参考机型，未分配机组数,≈40; 45; 48.7; ≈54.6,4,参考机型，未分配机组数,100,1,100 m: 8台
NREL_WTK_site101582_Massachusetts-Berkshire_class3_16MW_2007-2013,Massachusetts-Berkshire_class3,15 min,90067,NREL WTK,Onshore,"42.229622, -73.151276",N/A (site elevation unavailable); hub height 100 m agl,"Humid continental climate, warm summer","Warm summers (18-24 degC), severely cold winters (-15 to -5 degC). Precipitation 600-1000 mm/year with significant snowfall. Winter polar air masses and Alberta Clippers produce frequent high-wind events. Orographic lifting over elevated terrain enhances local wind speeds above free-stream values. Wind resource peaks Nov-Mar; summer wind speeds are substantially lower. Moderate icing risk at turbine hub height in winter.",Vestas V100-1.8; GE 1.6-100; REpower 3.2M114,虚拟机组及拟合参考机型,8,16.0,8×2,按表中机组数,3,100; 114,2,参考机型，未分配机组数,48.7; ≈49; ≈55.5,3,参考机型，未分配机组数,100,1,100 m: 8台
NREL_WTK_site102811_NewYork-Albany_class2_16MW_2007-2013,NewYork-Albany_class2,15 min,194004,NREL WTK,Onshore,"42.562256, -74.174957",N/A (site elevation unavailable); hub height 100 m agl,"Humid continental climate, warm summer","Warm summers (18-24 degC), severely cold winters (-15 to -5 degC). Precipitation 600-1000 mm/year with significant snowfall. Winter polar air masses and Alberta Clippers produce frequent high-wind events. Orographic lifting over elevated terrain enhances local wind speeds above free-stream values. Wind resource peaks Nov-Mar; summer wind speeds are substantially lower. Moderate icing risk at turbine hub height in winter.",Vestas V112-3.0; Siemens SWT-2.3-93; GE 1.6-82.5; GE 2.5XL,虚拟机组及拟合参考机型,8,16.0,8×2,按表中机组数,4,82.5; 93; 100; 112,4,参考机型，未分配机组数,≈40; 45; 48.7; ≈54.6,4,参考机型，未分配机组数,100,1,100 m: 8台
NREL_WTK_site10444_NewMexico-Eddy_class1_16MW_2007-2013,NewMexico-Eddy_class1,15 min,188714,NREL WTK,Onshore,"32.113411, -104.768494",N/A (site elevation unavailable); hub height 100 m agl,Cold semi-arid climate,"Semi-arid continental: hot summers (28-35 degC), cold winters (-5 to 5 degC). Precipitation 250-500 mm/year. Large diurnal temperature range (15-20 degC). Broad, open, low-roughness terrain combined with frequent mid-latitude cyclone passages yields consistently high year-round wind speeds — among the richest onshore wind resource regions globally. Wind speeds peak Mar-May; occasional summer thunderstorm downbursts; low icing risk.",Siemens SWT-3.0-101; Gamesa G80-2.0; Nordex N90 HS; Vestas V90-3.0,虚拟机组及拟合参考机型,8,16.0,8×2,按表中机组数,4,80; 90; 101,3,参考机型，未分配机组数,≈39; ≈43.8; 44; 49,4,参考机型，未分配机组数,100,1,100 m: 8台
NREL_WTK_site104714_Massachusetts-Plymouth_class3_2MW_2007-2013,Massachusetts-Plymouth_class3,15 min,116179,NREL WTK,Onshore,"41.997025, -70.78186",N/A (site elevation unavailable); hub height 100 m agl,"Humid continental climate, hot summer","Four distinct seasons: warm summers (22-28 degC), cold winters (-8 to 0 degC). Precipitation 700-1100 mm/year. Winter polar air masses and extratropical cyclones drive high wind speeds with frequent storm events. Summer convective activity produces thunderstorm downbursts. Wind resource richest Oct-Apr, lowest Jun-Aug. Considerable interannual variability tied to polar jet stream position.",Vestas V100-1.8; GE 1.6-100; REpower 3.2M114,虚拟机组及拟合参考机型,1,2.0,1×2,按表中机组数,3,100; 114,2,参考机型，未分配机组数,48.7; ≈49; ≈55.5,3,参考机型，未分配机组数,100,1,100 m: 1台
NREL_WTK_site104932_SouthDakota-Butte_class1_14MW_2007-2013,SouthDakota-Butte_class1,15 min,144453,NREL WTK,Onshore,"44.742779, -103.076752",N/A (site elevation unavailable); hub height 100 m agl,Cold semi-arid climate,"Semi-arid continental: hot summers (28-35 degC), cold winters (-5 to 5 degC). Precipitation 250-500 mm/year. Large diurnal temperature range (15-20 degC). Broad, open, low-roughness terrain combined with frequent mid-latitude cyclone passages yields consistently high year-round wind speeds — among the richest onshore wind resource regions globally. Wind speeds peak Mar-May; occasional summer thunderstorm downbursts; low icing risk.",Siemens SWT-3.0-101; Gamesa G80-2.0; Nordex N90 HS; Vestas V90-3.0,虚拟机组及拟合参考机型,7,14.0,7×2,按表中机组数,4,80; 90; 101,3,参考机型，未分配机组数,≈39; ≈43.8; 44; 49,4,参考机型，未分配机组数,100,1,100 m: 7台
NREL_WTK_site105082_SouthDakota-Butte_class1_12MW_2007-2013,SouthDakota-Butte_class1,15 min,204416,NREL WTK,Onshore,"44.759682, -103.105194",N/A (site elevation unavailable); hub height 100 m agl,Cold semi-arid climate,"Semi-arid continental: hot summers (28-35 degC), cold winters (-5 to 5 degC). Precipitation 250-500 mm/year. Large diurnal temperature range (15-20 degC). Broad, open, low-roughness terrain combined with frequent mid-latitude cyclone passages yields consistently high year-round wind speeds — among the richest onshore wind resource regions globally. Wind speeds peak Mar-May; occasional summer thunderstorm downbursts; low icing risk.",Siemens SWT-3.0-101; Gamesa G80-2.0; Nordex N90 HS; Vestas V90-3.0,虚拟机组及拟合参考机型,6,12.0,6×2,按表中机组数,4,80; 90; 101,3,参考机型，未分配机组数,≈39; ≈43.8; 44; 49,4,参考机型，未分配机组数,100,1,100 m: 6台
NREL_WTK_site110192_Minnesota-Benton_class3_16MW_2007-2013,Minnesota-Benton_class3,15 min,245472,NREL WTK,Onshore,"45.783417, -93.876038",N/A (site elevation unavailable); hub height 100 m agl,"Humid continental climate, warm summer","Warm summers (18-24 degC), severely cold winters (-15 to -5 degC). Precipitation 600-1000 mm/year with significant snowfall. Winter polar air masses and Alberta Clippers produce frequent high-wind events. Orographic lifting over elevated terrain enhances local wind speeds above free-stream values. Wind resource peaks Nov-Mar; summer wind speeds are substantially lower. Moderate icing risk at turbine hub height in winter.",Vestas V100-1.8; GE 1.6-100; REpower 3.2M114,虚拟机组及拟合参考机型,8,16.0,8×2,按表中机组数,3,100; 114,2,参考机型，未分配机组数,48.7; ≈49; ≈55.5,3,参考机型，未分配机组数,100,1,100 m: 8台
NREL_WTK_site110712_Michigan-LakeMichigan_class2_2MW_2007-2013,Michigan-LakeMichigan_class2,15 min,245472,NREL WTK,Onshore,"45.52145, -86.739807",N/A (site elevation unavailable); hub height 100 m agl,"Humid continental climate, warm summer","Warm summers (18-24 degC), severely cold winters (-15 to -5 degC). Precipitation 600-1000 mm/year with significant snowfall. Winter polar air masses and Alberta Clippers produce frequent high-wind events. Orographic lifting over elevated terrain enhances local wind speeds above free-stream values. Wind resource peaks Nov-Mar; summer wind speeds are substantially lower. Moderate icing risk at turbine hub height in winter.",Vestas V112-3.0; Siemens SWT-2.3-93; GE 1.6-82.5; GE 2.5XL,虚拟机组及拟合参考机型,1,2.0,1×2,按表中机组数,4,82.5; 93; 100; 112,4,参考机型，未分配机组数,≈40; 45; 48.7; ≈54.6,4,参考机型，未分配机组数,100,1,100 m: 1台
NREL_WTK_site111362_Montana-Carter_class1_10MW_2007-2013,Montana-Carter_class1,15 min,239230,NREL WTK,Onshore,"45.750786, -104.22403",N/A (site elevation unavailable); hub height 100 m agl,Cold semi-arid climate,"Semi-arid continental: hot summers (28-35 degC), cold winters (-5 to 5 degC). Precipitation 250-500 mm/year. Large diurnal temperature range (15-20 degC). Broad, open, low-roughness terrain combined with frequent mid-latitude cyclone passages yields consistently high year-round wind speeds — among the richest onshore wind resource regions globally. Wind speeds peak Mar-May; occasional summer thunderstorm downbursts; low icing risk.",Siemens SWT-3.0-101; Gamesa G80-2.0; Nordex N90 HS; Vestas V90-3.0,虚拟机组及拟合参考机型,5,10.0,5×2,按表中机组数,4,80; 90; 101,3,参考机型，未分配机组数,≈39; ≈43.8; 44; 49,4,参考机型，未分配机组数,100,1,100 m: 5台
NREL_WTK_site114665_Offshore-LakeHuron_offshore_16MW_2007-2013,Offshore-LakeHuron_offshore,15 min,184559,NREL WTK,Offshore,"46.113686, -82.976746",N/A (site elevation unavailable); hub height 100 m agl,"Humid continental climate, warm summer","Warm summers (18-24 degC), severely cold winters (-15 to -5 degC). Precipitation 600-1000 mm/year with significant snowfall. Winter polar air masses and Alberta Clippers produce frequent high-wind events. Orographic lifting over elevated terrain enhances local wind speeds above free-stream values. Wind resource peaks Nov-Mar; summer wind speeds are substantially lower. Moderate icing risk at turbine hub height in winter.",Siemens SWT-3.6-107; GE 4.1-113; REpower 6M,虚拟机组及拟合参考机型,8,16.0,8×2,按表中机组数,3,107; 113; 126,3,参考机型，未分配机组数,52; ≈55; 61.5,3,参考机型，未分配机组数,100,1,100 m: 8台
NREL_WTK_site116754_Vermont-Essex_class3_14MW_2007-2013,Vermont-Essex_class3,15 min,203674,NREL WTK,Onshore,"44.701637, -71.744263",N/A (site elevation unavailable); hub height 100 m agl,"Humid continental climate, warm summer","Warm summers (18-24 degC), severely cold winters (-15 to -5 degC). Precipitation 600-1000 mm/year with significant snowfall. Winter polar air masses and Alberta Clippers produce frequent high-wind events. Orographic lifting over elevated terrain enhances local wind speeds above free-stream values. Wind resource peaks Nov-Mar; summer wind speeds are substantially lower. Moderate icing risk at turbine hub height in winter.",Vestas V100-1.8; GE 1.6-100; REpower 3.2M114,虚拟机组及拟合参考机型,7,14.0,7×2,按表中机组数,3,100; 114,2,参考机型，未分配机组数,48.7; ≈49; ≈55.5,3,参考机型，未分配机组数,100,1,100 m: 7台
NREL_WTK_site117612_Oregon-Morrow_class3_14MW_2007-2013,Oregon-Morrow_class3,15 min,134555,NREL WTK,Onshore,"45.158546, -119.407898",N/A (site elevation unavailable); hub height 100 m agl,Warm-summer Mediterranean continental climate,"Warm, dry summers (20-26 degC) and cold, snowy winters (-8 to 0 degC). Precipitation 400-700 mm/year with pronounced dry summer. Mountain-valley wind circulations and downslope winds dominate local wind patterns. Wind resource highly terrain-dependent; ridge-top sites have excellent resource while valley-floor sites are sheltered. Chinook winds produce sudden high-wind events.",Vestas V100-1.8; GE 1.6-100; REpower 3.2M114,虚拟机组及拟合参考机型,7,14.0,7×2,按表中机组数,3,100; 114,2,参考机型，未分配机组数,48.7; ≈49; ≈55.5,3,参考机型，未分配机组数,100,1,100 m: 7台
NREL_WTK_site117971_NorthDakota-Dunn_class2_10MW_2007-2013,NorthDakota-Dunn_class2,15 min,196451,NREL WTK,Onshore,"47.423943, -102.958069",N/A (site elevation unavailable); hub height 100 m agl,"Humid continental climate, warm summer","Warm summers (18-24 degC), severely cold winters (-15 to -5 degC). Precipitation 600-1000 mm/year with significant snowfall. Winter polar air masses and Alberta Clippers produce frequent high-wind events. Orographic lifting over elevated terrain enhances local wind speeds above free-stream values. Wind resource peaks Nov-Mar; summer wind speeds are substantially lower. Moderate icing risk at turbine hub height in winter.",Vestas V112-3.0; Siemens SWT-2.3-93; GE 1.6-82.5; GE 2.5XL,虚拟机组及拟合参考机型,5,10.0,5×2,按表中机组数,4,82.5; 93; 100; 112,4,参考机型，未分配机组数,≈40; 45; 48.7; ≈54.6,4,参考机型，未分配机组数,100,1,100 m: 5台
NREL_WTK_site118282_NewHampshire-Coos_class3_12MW_2007-2013,NewHampshire-Coos_class3,15 min,178757,NREL WTK,Onshore,"44.983944, -71.260315",N/A (site elevation unavailable); hub height 100 m agl,"Humid continental climate, warm summer","Warm summers (18-24 degC), severely cold winters (-15 to -5 degC). Precipitation 600-1000 mm/year with significant snowfall. Winter polar air masses and Alberta Clippers produce frequent high-wind events. Orographic lifting over elevated terrain enhances local wind speeds above free-stream values. Wind resource peaks Nov-Mar; summer wind speeds are substantially lower. Moderate icing risk at turbine hub height in winter.",Vestas V100-1.8; GE 1.6-100; REpower 3.2M114,虚拟机组及拟合参考机型,6,12.0,6×2,按表中机组数,3,100; 114,2,参考机型，未分配机组数,48.7; ≈49; ≈55.5,3,参考机型，未分配机组数,100,1,100 m: 6台
BANC DE GUERANDE 1,BANC DE GUERANDE 1,30 min,47559,ENTSOE,Offshore,"47.160806, -2.628139",0 m (sea level),Oceanic climate,Prevailing westerly and northwesterly winds dominate due to frequent Atlantic depressions moving across western Europe. Wind speeds moderate to relatively strong with highest wind energy potential in autumn and winter when pressure gradients intensify over the Atlantic. Mild temperatures and regular marine airflow support stable air density and consistent wind availability.,GE Vernova Haliade 150-6,实际机组型号,40,240.0,40×6,按表中机组数,0,150,1,150 m: 40台,73.5,1,73.5 m: 40台,100,1,100 m: 40台
BANC DE GUERANDE 2,BANC DE GUERANDE 2,30 min,47457,ENTSOE,Offshore,"47.160806, -2.628139",0 m (sea level),Oceanic climate,Prevailing westerly and northwesterly winds dominate due to frequent Atlantic depressions moving across western Europe. Wind speeds moderate to relatively strong with highest wind energy potential in autumn and winter when pressure gradients intensify over the Atlantic. Mild temperatures and regular marine airflow support stable air density and consistent wind availability.,GE Vernova Haliade 150-6,实际机组型号,40,240.0,40×6,按表中机组数,0,150,1,150 m: 40台,73.5,1,73.5 m: 40台,100,1,100 m: 40台
BOWLW-1,BOWLW-1,30 min,85069,ENTSOE,Offshore,"53.981694, -3.283000",0 m (sea level),Oceanic climate,"Persistent westerly winds associated with Atlantic low-pressure systems. Wind speeds moderate to relatively strong with highest wind energy potential occurring in autumn and winter when frontal activity increases. Maritime climate produces mild temperatures and limited seasonal variability, supporting stable atmospheric conditions for wind power generation.",Vestas V90/3000 Offshore,实际机组型号,30,90.0,30×3,按表中机组数,0,90,1,90 m: 30台,44,1,44 m: 30台,75,1,75 m: 30台
BRBEO-1,BRBEO-1,30 min,53305,ENTSOE,Offshore,"53.491694, -3.200194",0 m (sea level),Oceanic climate,Prevailing westerly winds generated by frequent Atlantic low-pressure systems. Wind speeds moderate to relatively strong with peak wind energy availability in autumn and winter when pressure gradients intensify. Mild temperatures and high humidity create stable maritime atmospheric conditions with relatively consistent wind occurrence.,MHI Vestas V164-8.0,实际机组型号,32,256.0,32×8,按表中机组数,0,164,1,164 m: 32台,80,1,80 m: 32台,105,1,105 m: 32台
BRDUW-1,BRDUW-1,30 min,84031,ENTSOE,Onshore,"53.226694, -4.485583",94 m,Oceanic climate,"Frequent strong westerly winds driven by Atlantic depressions moving across the British Isles. Wind speeds moderate to high year-round with strongest and most persistent winds occurring in autumn and winter when pressure gradients intensify over the North Atlantic. Maritime environment maintains mild temperatures and high humidity, supporting relatively stable and reliable wind resources.",Vestas V80-2.0,实际机组型号,36,72.0,36×2,按表中机组数,0,80,1,80 m: 36台,39,1,39 m: 36台,60,1,60 m: 36台
BRYBW-1,BRYBW-1,30 min,86078,ENTSOE,Onshore,"57.6098, -3.6199",N/A,Temperate oceanic climate,"Moderate winds, primarily from the west, with higher speeds in winter when Atlantic low-pressure systems dominate. Wind availability moderately consistent; calm periods possible in summer. Mild temperatures with low seasonal variation provide stable conditions for turbine operation.",Enercon E70/2300,实际机组型号,29,66.7,29×2.3,按表中机组数,0,71,1,71 m: 29台,,0,未知尺寸: 29台,≈69,1,69 m: 29台
BURBW-1,BURBW-1,30 min,82351,ENTSOE,Offshore,"53.491694, -3.200194",0 m (sea level),Oceanic climate,Prevailing westerly winds generated by frequent Atlantic low-pressure systems. Wind speeds moderate to relatively strong with peak wind energy availability in autumn and winter when pressure gradients intensify. Mild temperatures and high humidity create stable maritime atmospheric conditions with relatively consistent wind occurrence.,Siemens SWT-3.6-107,实际机组型号,25,90.0,25×3.6,按表中机组数,0,107,1,107 m: 25台,52,1,52 m: 25台,83.5,1,83.5 m: 25台
CLDNW-1,CLDNW-1,30 min,85941,ENTSOE,Onshore,"55.444971, -3.598597",486 m,Temperate oceanic climate,"Moderate to strong westerly winds, especially in autumn and winter, driven by Atlantic low-pressure systems. Wind speeds generally high with strong wind resource and fewer calm periods during winter months. Moderate temperature range with mild winters and cool summers, promoting stable wind turbine operation.",Siemens SWT-2.3-82 VS,实际机组型号,96,220.8,96×2.3,按表中机组数,0,82.4,1,82.4 m: 96台,40,1,40 m: 96台,80,1,80 m: 96台
CLDSW-1,CLDSW-1,30 min,78244,ENTSOE,Onshore,"55.467194, -3.654417",320 m,Temperate oceanic climate,"Persistent westerly winds generated by frequent North Atlantic low-pressure systems. Wind speeds generally moderate to high with peak wind energy potential in autumn and winter when pressure gradients strengthen. Maritime climate maintains cool summers, mild winters, and relatively stable air density, supporting reliable wind availability.",Siemens SWT-2.3-82 VS,实际机组型号,56,128.8,56×2.3,按表中机组数,0,82.4,1,82.4 m: 56台,40,1,40 m: 56台,80,1,80 m: 56台
GRGBW-1,GRGBW-1,30 min,85799,ENTSOE,Offshore,"51.904200, 1.928400",0 m (sea level),Temperate maritime climate,"Moderate winds, primarily from the west and southwest, with wind speeds higher in winter months due to low-pressure systems. Wind availability consistent with some seasonal variation; fewer extreme wind speeds compared to more exposed coastal regions. Precipitation moderate and distributed evenly throughout the year.",Siemens SWT-3.6-107,实际机组型号,47,169.2,≈47×3.6,近似机组数,0,107,1,107 m: 47台,52,1,52 m: 47台,78,1,78 m: 47台
GRGBW-2,GRGBW-2,30 min,86550,ENTSOE,Offshore,"51.904200, 1.928400",0 m (sea level),Temperate maritime climate,"Moderate winds, primarily from the west and southwest, with wind speeds higher in winter months due to low-pressure systems. Wind availability consistent with some seasonal variation; fewer extreme wind speeds compared to more exposed coastal regions. Precipitation moderate and distributed evenly throughout the year.",Siemens SWT-3.6-107,实际机组型号,47,169.2,≈47×3.6,近似机组数,0,107,1,107 m: 47台,52,1,52 m: 47台,78,1,78 m: 47台
GRGBW-3,GRGBW-3,30 min,86134,ENTSOE,Offshore,"51.904200, 1.928400",0 m (sea level),Temperate maritime climate,"Moderate winds, primarily from the west and southwest, with wind speeds higher in winter months due to low-pressure systems. Wind availability consistent with some seasonal variation; fewer extreme wind speeds compared to more exposed coastal regions. Precipitation moderate and distributed evenly throughout the year.",Siemens SWT-3.6-107,实际机组型号,46,165.6,≈46×3.6,近似机组数,0,107,1,107 m: 46台,52,1,52 m: 46台,78,1,78 m: 46台
LKBONNY1,LKBONNY1,5 min,105120,AEMO,Onshore,"-37.783085, 140.406006",24 m,Temperate Mediterranean–semi-arid transitional climate,"Moderate to strong westerly and southwesterly winds associated with Southern Ocean frontal systems. Wind speeds typically higher in winter and spring when mid-latitude cyclones strengthen regional pressure gradients. Summers drier and warmer with more stable high-pressure systems, resulting in somewhat reduced wind frequency compared with the cooler months.",Vestas V66/1750,实际机组型号,46,80.5,46×1.75,按表中机组数,0,66,1,66 m: 46台,32,1,32 m: 46台,60,1,60 m: 46台
LKBONNY2,LKBONNY2,5 min,105120,AEMO,Onshore,"-37.783085, 140.406006",24 m,Temperate Mediterranean–semi-arid transitional climate,"Moderate to strong westerly and southwesterly winds associated with Southern Ocean frontal systems. Wind speeds typically higher in winter and spring when mid-latitude cyclones strengthen regional pressure gradients. Summers drier and warmer with more stable high-pressure systems, resulting in somewhat reduced wind frequency compared with the cooler months.",Vestas V90/3000,实际机组型号,53,159.0,53×3,按表中机组数,0,90,1,90 m: 53台,44,1,44 m: 53台,80,1,80 m: 53台
LKBONNY3,LKBONNY3,5 min,105120,AEMO,Onshore,"-37.783085, 140.406006",24 m,Temperate Mediterranean–semi-arid transitional climate,"Moderate to strong westerly and southwesterly winds associated with Southern Ocean frontal systems. Wind speeds typically higher in winter and spring when mid-latitude cyclones strengthen regional pressure gradients. Summers drier and warmer with more stable high-pressure systems, resulting in somewhat reduced wind frequency compared with the cooler months.",Vestas V90/3000,实际机组型号,13,39.0,13×3,按表中机组数,0,90,1,90 m: 13台,44,1,44 m: 13台,80,1,80 m: 13台
SNOWNTH1,SNOWNTH1,5 min,105120,AEMO,Onshore,"-33.731722, 138.135194",120 m,Semi-arid climate,Moderate prevailing winds mainly from the west and southwest associated with mid-latitude westerlies and passing frontal systems. Wind speeds generally increase during winter and spring when pressure gradients strengthen across southern Australia. Summers hot and dry with more persistent high-pressure systems.,Siemens SWT-3.0-101,实际机组型号,23,69.0,23×3,按表中机组数,0,101,1,101 m: 23台,49,1,49 m: 23台,80,1,80 m: 23台
SNOWSTH1,SNOWSTH1,5 min,105120,AEMO,Onshore,"-33.731722, 138.135194",120 m,Semi-arid climate,Moderate prevailing winds mainly from the west and southwest associated with mid-latitude westerlies and passing frontal systems. Wind speeds generally increase during winter and spring when pressure gradients strengthen across southern Australia. Summers hot and dry with more persistent high-pressure systems.,Siemens SWT-3.0-108,实际机组型号,67,201.0,67×3,按表中机组数,0,108,1,108 m: 67台,53,1,53 m: 67台,80,1,80 m: 67台
huaneng,huaneng,1 min,NaN,huaneng,Onshore,N/A (not provided in config),300 m (base elevation),Temperate continental (per config),Per config file annotation only; details to be completed.,2 MW direct-drive,实际机组型号,50,100.0,50×2,按表中机组数,0,,0,未知尺寸: 50台,,0,未知尺寸: 50台,,0,未知尺寸: 50台
